Name,Misspelling
Mary,"['Mafy', 'Mqry', 'Mzry', 'Mafy']"
Helen,"['Nelen', 'Hwlen', 'Heldn']"
Alice,"['Aoice', 'Zlice']"
Violet,['Biolet']
Elizabeth,"['Elkzabeth', 'Elizageth']"
Dorothy,"['Dorotht', 'Dorotby']"
Florence,['Florenve']
Lucy,"['Luxy', 'Licy']"
Shizuko,['Snizuko']
Emma,['Emmq']
Mildred,"['Milered', 'Mildrer', 'Mildfed']"
Ruth,['Ruty']
Ann,"['Amn', 'Anh']"
Chiyoko,"['Chiyomo', 'Chiyoio', 'Xhiyoko', 'Cbiyoko']"
Edith,"['Eeith', 'Rdith', 'Edigh', 'Esith']"
Katherine,"['Katherone', 'Katherihe', 'Kathefine']"
Lillian,"['Lillkan', 'Lilpian', 'Lilkian', 'Liklian']"
Cecilia,"['Ceculia', 'Ceciloa']"
Eva,"['Eca', 'Wva', 'Efa']"
Flora,['Glora']
Mabel,"['Jabel', 'Mabek']"
Marie,"['Maroe', 'Marid', 'Matie']"
Beatrice,"['Beatricr', 'Beatrife']"
Betty,"['Hetty', 'Bettu', 'Netty', 'Betth']"
Ellen,"['Ellwn', 'Dllen', 'Rllen']"
Esther,"['Ewther', 'Estger', 'Estjer', 'Esyher']"
Frances,"['Frsnces', 'Frwnces', 'Frsnces']"
Gladys,"['Glacys', 'Glasys', 'Gkadys', 'Gkadys']"
Haruko,"['Hatuko', 'Hariko', 'Harukl', 'Haeuko']"
Josephine,"['Kosephine', 'Jisephine', 'Joseohine']"
Julia,"['Hulia', 'Juloa']"
Laura,"['Lzura', 'Layra', 'Paura']"
Louise,"['Loukse', 'Loiise']"
Lucille,"['Lufille', 'Lucilpe', 'Lucklle', 'Luciole']"
Lydia,"['Lydiw', 'Lydiw', 'Lydiz', 'Lydis']"
Emily,['Wmily']
Sarah,"['Saraj', 'Saran', 'Saraj', 'Saeah']"
Ethel,"['Ethwl', 'Eghel', 'Ethep']"
Irene,"['Irenw', 'Irend', 'Irrne']"
Shizue,"['Shuzue', 'Syizue', 'Xhizue']"
Ayako,"['Ayakl', 'Syako', 'Atako', 'Ayqko']"
Eleanor,"['Eldanor', 'Elranor', 'Epeanor']"
Harriet,"['Harrief', 'Hartiet']"
Hatsuko,"['Jatsuko', 'Batsuko', 'Hatsukp']"
Misao,"['Midao', 'Kisao']"
Bernice,"['Bernicd', 'Betnice']"
Elsie,"['Elxie', 'Rlsie', 'Elwie']"
Grace,"['Graxe', 'Gface', 'Vrace']"
Lily,"['Liky', 'Luly']"
Martha,"['Maftha', 'Kartha', 'Marthq']"
Masako,"['Masaki', 'Maswko', 'Madako']"
Anna,['Anba']
Caroline,"['Varoline', 'Cafoline']"
Edna,"['Edba', 'Erna']"
Hazel,['Nazel']
Jane,['Janr']
Tsuruko,"['Tsjruko', 'Tsuruki', 'Tzuruko']"
Virginia,['Virbinia']
Kimiko,['Kijiko']
Doris,"['Eoris', 'Dpris', 'Dofis']"
Thelma,['Thelmq']
Catherine,"['Cathwrine', 'Cathdrine', 'Cathwrine']"
Nancy,['Nanxy']
Ida,"['Isa', 'Uda']"
Adeline,"['Adwline', 'Adelibe']"
Clara,['Coara']
Gertrude,"['Gertryde', 'Gergrude']"
Minnie,"['Kinnie', 'Minnue', 'Mknnie', 'Minnue']"
Barbara,['Bwrbara']
Evelyn,"['Evelym', 'Evelyh', 'Wvelyn']"
Fumiko,"['Funiko', 'Fumiio', 'Fumuko', 'Fjmiko']"
Henrietta,['Benrietta']
Jennie,"['Jemnie', 'Jenmie', 'Jennue']"
Sophie,"['Aophie', 'Spphie']"
Yaeko,['Yarko']
Vivian,"['Vkvian', 'Vifian']"
Cecelia,"['Cecepia', 'Cecepia', 'Xecelia']"
Christine,['Christibe']
Dolores,"['Dolorea', 'Dooores']"
Marion,"['Mafion', 'Mariom']"
Rachel,['Radhel']
Carmen,"['Catmen', 'Carjen', 'Varmen']"
Charlotte,"['Charlotre', 'Chsrlotte', 'Charlotre', 'Charpotte']"
Dora,"['Dira', 'Dofa']"
Jean,"['Jesn', 'Jdan', 'Jwan', 'Nean']"
Kikue,"['Kikud', 'Kiiue', 'Kikje', 'Kiiue']"
Kiyoko,"['Kiyiko', 'Kiyiko', 'Kihoko']"
Marjorie,"['Marjorke', 'Marjirie']"
Mitsuko,"['Mitauko', 'Mitzuko']"
Sadako,"['Sadzko', 'Wadako', 'Swdako']"
Victoria,"['Vivtoria', 'Vivtoria', 'Voctoria', 'Vuctoria']"
Yasuko,['Tasuko']
Bessie,['Bwssie']
Daisy,"['Dqisy', 'Dzisy']"
Mitsue,['Kitsue']
Sally,['Swlly']
Masae,"['Maswe', 'Masse', 'Masar', 'Mssae']"
Nora,['Nlra']
Pearl,"['Pezrl', 'Pearo', 'Peqrl']"
Stella,['Sgella']
Sueko,"['Aueko', 'Sudko']"
Teruko,"['Trruko', 'Trruko', 'Terulo', 'Geruko']"
Chiyo,"['Chiyl', 'Cniyo', 'Choyo']"
Christina,['Chfistina']
Fujiko,"['Fyjiko', 'Fujilo', 'Dujiko']"
Fusae,['Fusze']
Harue,"['Harie', 'Harye', 'Hzrue']"
Hattie,"['Hsttie', 'Gattie', 'Nattie', 'Hattue']"
Isabel,['Isabrl']
Madeline,['Jadeline']
Yukie,"['Yjkie', 'Yikie', 'Yikie', 'Uukie']"
Hannah,['Hamnah']
Hanako,"['Hanakl', 'Hanwko']"
Jessie,"['Jwssie', 'Jrssie']"
May,"['Kay', 'Mau', 'Mat']"
Patsy,"['Patsh', 'Patdy']"
Yuriko,['Huriko']
Bertha,"['Beftha', 'Berths', 'Berths', 'Hertha']"
Ella,['Elpa']
Hideko,"['Hiddko', 'Hidekl', 'Hidekp', 'Hidelo']"
Kay,['Iay']
Kikuyo,['Kikuho']
Kimie,"['Kumie', 'Jimie']"
Ruby,"['Tuby', 'Rubh', 'Ryby']"
Sumie,"['Zumie', 'Sunie']"
Amy,"['Amt', 'Amt']"
Chiyono,['Choyono']
Constance,"['Consrance', 'Constanfe']"
Janet,"['Janey', 'Jsnet']"
Mae,"['Mse', 'Mwe', 'Jae', 'Mad']"
Marian,"['Mariaj', 'Mariah', 'Mariab', 'Marizn']"
Matilda,['Mayilda']
Yukiko,"['Yukkko', 'Yukilo', 'Yjkiko']"
Ah,"['Wh', 'Ay', 'Qh', 'Sh']"
Chieko,"['Chkeko', 'Cgieko']"
Fumie,"['Fumue', 'Fumiw', 'Fumir']"
Harumi,['Jarumi']
Hatsuyo,"['Hatzuyo', 'Haysuyo', 'Hatsuho']"
Kiyono,"['Kitono', 'Kiypno', 'Jiyono', 'Liyono']"
Miriam,"['Muriam', 'Mifiam', 'Niriam', 'Mirism']"
Nobuko,"['Nobukl', 'Novuko', 'Nobukp']"
Pauline,"['Paulibe', 'Paupine', 'Pauoine']"
Rosaline,"['Roswline', 'Roaaline']"
Rosie,"['Tosie', 'Risie']"
Sakae,"['Sakze', 'Sakad']"
Shigeko,"['Shigeki', 'Whigeko', 'Shigrko', 'Shugeko']"
Tomiko,['Yomiko']
Tsurue,"['Tzurue', 'Fsurue', 'Ysurue']"
Matsuko,"['Matsiko', 'Jatsuko', 'Matduko']"
Elaine,"['Eoaine', 'Elsine', 'Rlaine']"
Gloria,"['Glotia', 'Tloria', 'Gllria', 'Glofia']"
Tatsuko,"['Tarsuko', 'Tatauko', 'Tatsjko', 'Tztsuko']"
Alyce,"['Aluce', 'Alycr']"
Angeline,"['Angelije', 'Angelune']"
Carrie,"['Varrie', 'Czrrie', 'Carrue']"
Juanita,['Nuanita']
Mitsuyo,"['Mitsuyi', 'Mitwuyo', 'Nitsuyo']"
Peggy,"['Pegty', 'Pebgy', 'Pehgy']"
Akiko,"['Akiki', 'Ajiko', 'Zkiko']"
Antoinette,['Antoinetfe']
Fujie,"['Fujoe', 'Fujid']"
Jeanette,['Meanette']
Rita,"['Rits', 'Rkta']"
Tatsue,"['Tatsuw', 'Tatsye']"
Eunice,"['Wunice', 'Eunide', 'Einice', 'Wunice']"
Fusako,['Fusamo']
Geraldine,"['Veraldine', 'Geraldkne', 'Grraldine', 'Geraldinw']"
Itsuko,"['Itsiko', 'Itsukl', 'Itsuki']"
Miyoko,"['Moyoko', 'Mitoko', 'Miyoio', 'Kiyoko']"
Myrtle,"['Myryle', 'Murtle']"
Norma,"['Normw', 'Morma']"
Sue,['Sud']
Tsuruyo,['Tsuruyl']
Tsuyako,"['Tsutako', 'Tsjyako']"
Tsuyuko,['Tauyuko']
Yoshino,"['Yoshimo', 'Yishino', 'Yoshijo']"
Kimiye,"['Mimiye', 'Kkmiye', 'Limiye']"
Matsuyo,"['Matwuyo', 'Matsuho', 'Matwuyo', 'Matduyo']"
Sumiko,['Aumiko']
Toshie,"['Tlshie', 'Foshie', 'Toshid', 'Tosbie']"
Asayo,['Asayi']
Fumiyo,['Cumiyo']
Haruyo,"['Garuyo', 'Hwruyo', 'Hqruyo']"
Hisae,['Hisad']
Isabelle,"['Isabellw', 'Isqbelle']"
Mercedes,"['Kercedes', 'Mercwdes', 'Mercedws']"
Muriel,['Mutiel']
Rebecca,"['Rebwcca', 'Rebeccw']"
Asae,"['Adae', 'Axae', 'Qsae']"
Fanny,"['Fannh', 'Ganny']"
Hisayo,['Gisayo']
June,['Hune']
Kameko,['Kwmeko']
Lorraine,"['Lorfaine', 'Lorrqine', 'Lorrakne', 'Lorrqine']"
Midori,"['Nidori', 'Midork', 'Kidori', 'Midpri']"
Natsue,"['Natxue', 'Nztsue']"
Phyllis,"['Ohyllis', 'Lhyllis', 'Pnyllis']"
Rosalie,"['Fosalie', 'Rosalue', 'Fosalie', 'Rozalie']"
Teruyo,"['Trruyo', 'Tdruyo', 'Geruyo', 'Tdruyo']"
Hatsumi,"['Jatsumi', 'Batsumi', 'Hqtsumi']"
Michiko,"['Micniko', 'Kichiko']"
Abbie,"['Avbie', 'Wbbie', 'Abbiw']"
Lena,"['Pena', 'Kena', 'Lenw']"
Nellie,"['Mellie', 'Nrllie']"
Roseline,"['Riseline', 'Rosrline', 'Roseoine', 'Roselibe']"
Akie,['Amie']
Fumiye,"['Fjmiye', 'Fymiye']"
Hanae,"['Hanaw', 'Hajae']"
Joan,"['Josn', 'Uoan']"
Juliette,['Nuliette']
Misue,"['Miwue', 'Mixue', 'Miwue']"
Alma,['Alka']
Tokie,"['Tokiw', 'Yokie']"
Kazue,"['Kasue', 'Iazue', 'Kzzue', 'Kaaue']"
Bella,"['Bepla', 'Gella', 'Gella']"
Evangeline,"['Ebangeline', 'Evangelind', 'Evangeoine']"
Sueno,"['Wueno', 'Sueni', 'Suwno']"
Tomie,"['Tlmie', 'Tomir', 'Tlmie']"
Adelaide,"['Adelaude', 'Adelaidr']"
Anita,['Anira']
Carol,"['Xarol', 'Czrol', 'Czrol', 'Carpl']"
Emiko,"['Rmiko', 'Rmiko']"
Katsue,"['Iatsue', 'Latsue', 'Katsud']"
Katsuko,"['Jatsuko', 'Kafsuko']"
Leilani,"['Lwilani', 'Leklani', 'Lrilani']"
Leonora,"['Leonors', 'Leonira']"
Maile,"['Maioe', 'Maole']"
Satsuki,"['Satzuki', 'Satsuku', 'Satsuku', 'Aatsuki']"
Tokiko,"['Tojiko', 'Tokiio']"
Trinidad,['Frinidad']
Umeno,"['Umemo', 'Umenp']"
Yoneko,['Yonemo']
Yoshimi,"['Yishimi', 'Yoshkmi', 'Yoshimk']"
Blanche,"['Vlanche', 'Glanche']"
Shirley,['Shirleh']
Kikuye,['Kikuyw']
Misayo,"['Jisayo', 'Kisayo']"
Momoyo,"['Mokoyo', 'Mojoyo', 'Nomoyo']"
Ayame,"['Qyame', 'Syame', 'Aysme', 'Atame']"
Natalie,['Natalue']
Sachiko,"['Sachuko', 'Sachiki', 'Dachiko', 'Safhiko']"
Jeanne,"['Jeajne', 'Jwanne', 'Jeznne', 'Jeannw']"
Marguerite,['Margueritr']
Misae,['Misad']
Tsugie,"['Tsuhie', 'Tsugue', 'Tsufie']"
Angelina,"['Angeoina', 'Angrlina']"
Sachie,['Sacnie']
Tamiko,"['Taniko', 'Tzmiko']"
Viola,"['Vkola', 'Violw', 'Viila']"
Miyako,"['Miyaio', 'Miyakl', 'Mkyako']"
Miyuki,['Miyiki']
Aileen,"['Ailden', 'Ailren', 'Ailren', 'Aikeen']"
Hanayo,"['Hansyo', 'Hanayi', 'Hanato']"
Olive,"['Okive', 'Opive', 'Ilive', 'Ooive']"
Yachiyo,"['Yaxhiyo', 'Yachiho', 'Yacjiyo']"
Chizuko,"['Chizumo', 'Chizukl', 'Cjizuko']"
Dominga,"['Domunga', 'Dlminga']"
Emmaline,['Enmaline']
Joyce,"['Johce', 'Joyfe', 'Jouce']"
Kaoru,"['Laoru', 'Kairu', 'Kapru', 'Kaofu']"
Eloise,"['Eloisr', 'Eloisw', 'Elouse']"
Myra,"['Myrq', 'Mtra']"
Olivia,"['Llivia', 'Olivoa']"
Conchita,"['Cpnchita', 'Convhita', 'Cpnchita', 'Vonchita']"
Lila,"['Lioa', 'Lika', 'Lipa', 'Lilq']"
Misako,['Misaio']
Momoe,"['Mompe', 'Mlmoe', 'Nomoe']"
Sumako,['Sukako']
Sylvia,"['Xylvia', 'Stlvia', 'Zylvia']"
Tsutako,"['Tsutsko', 'Txutako', 'Rsutako', 'Tsutakp']"
Linda,"['Linds', 'Lknda', 'Linca', 'Pinda']"
Francisca,['Framcisca']
Judith,"['Juditj', 'Jjdith']"
Kiyomi,"['Kitomi', 'Kihomi', 'Kiyomo']"
Magdalena,"['Magsalena', 'Magdapena', 'Magdaleja', 'Magdslena']"
Mitsuye,"['Mitsuyw', 'Mitsuyd', 'Nitsuye']"
Rosalina,['Rosalinz']
Etsuko,"['Etsiko', 'Etsiko', 'Etsuio', 'Etsulo']"
Feliza,"['Felisa', 'Felkza', 'Felizw']"
Fusaye,"['Fjsaye', 'Fisaye', 'Fjsaye', 'Fusayw']"
Margie,"['Msrgie', 'Mzrgie', 'Mzrgie', 'Marbie']"
Rosalia,"['Rosapia', 'Rosakia', 'Rosaloa']"
Rosario,"['Rosafio', 'Rlsario', 'Rowario']"
Tomoko,"['Tomiko', 'Tompko']"
Velma,"['Qelma', 'Vdlma', 'Qelma', 'Velmw']"
Winona,"['Wunona', 'Winoma', 'Winonq']"
Wilma,['Wilna']
Marilyn,"['Matilyn', 'Karilyn', 'Marklyn']"
Susan,"['Dusan', 'Suaan', 'Sjsan', 'Suwan']"
Concepcion,['Xoncepcion']
Cynthia,"['Chnthia', 'Cynyhia', 'Chnthia']"
Felicidad,"['Felicidqd', 'Felixidad', 'Felividad', 'Felicidqd']"
Juliana,"['Uuliana', 'Juliaha']"
Louisa,"['Kouisa', 'Kouisa', 'Pouisa', 'Louusa']"
Lourdes,"['Oourdes', 'Lojrdes', 'Lourdew', 'Liurdes']"
Maxine,"['Kaxine', 'Maxune', 'Maxime', 'Maxinw']"
Naomi,"['Naomo', 'Naoni', 'Haomi']"
Rosita,"['Rowita', 'Rositz', 'Roxita', 'Roaita']"
Mathilda,"['Matgilda', 'Mathildq']"
Filomena,"['Fipomena', 'Filomenq', 'Fillmena']"
Kikumi,"['Kikuni', 'Kikuni', 'Kikumu']"
Annabelle,"['Annabellw', 'Anjabelle', 'Annabdlle']"
Irma,['Krma']
Sumiye,"['Symiye', 'Suniye', 'Sjmiye', 'Symiye']"
Vera,"['Vefa', 'Qera']"
Beverly,"['Beverlu', 'Beveely', 'Beverpy', 'Beberly']"
Yvonne,"['Uvonne', 'Yvomne', 'Yvlnne', 'Yvomne']"
Jeannette,['Jeanmette']
Pacita,['Pacitz']
Sybil,['Sybip']
Angela,['Zngela']
Charles,['Charkes']
Dorothea,"['Dorothra', 'Dorotheq', 'Sorothea', 'Dorothwa']"
Janice,['Janide']
Karen,['Jaren']
Philomena,"['Philomenq', 'Philomdna']"
Rosa,['Rosq']
Abigail,"['Abivail', 'Abogail', 'Abigwil', 'Abigaio']"
Conception,"['Xonception', 'Xonception', 'Conceptoon']"
Florentina,"['Flirentina', 'Florentiha']"
Tamae,"['Tamse', 'Takae']"
Wilhelmina,['Wilhelminq']
Doreen,['Dpreen']
Joy,['Moy']
Mona,"['Monz', 'Moha']"
Alberta,['Albwrta']
Eileen,['Ekleen']
Esperanza,['Wsperanza']
Veronica,['Qeronica']
Carolyn,['Varolyn']
Consuelo,"['Donsuelo', 'Cpnsuelo']"
Diana,['Disna']
Kathryn,['Mathryn']
Tsuneko,['Ysuneko']
Valerie,"['Vwlerie', 'Valeriw', 'Valerid', 'Valdrie']"
Gwendolyn,"['Gwensolyn', 'Gwendolyh', 'Gwebdolyn', 'Geendolyn']"
Diane,"['Riane', 'Diwne']"
Lorna,"['Korna', 'Lirna']"
Takako,"['Talako', 'Takzko', 'Taiako', 'Tqkako']"
Myrna,['Mhrna']
Marlene,"['Marleme', 'Maelene', 'Karlene', 'Marpene']"
Caridad,['Cafidad']
Carole,"['Darole', 'Carooe']"
Laverne,['Lavrrne']
Phoebe,['Ohoebe']
Roberta,"['Roberfa', 'Robertw']"
Wanda,"['Wznda', 'Wanca', 'Wandz']"
Bernadette,"['Bernaeette', 'Bernwdette', 'Bernadettw']"
Donna,"['Dojna', 'Eonna']"
Goldie,['Voldie']
Maureen,"['Maureej', 'Maireen', 'Majreen', 'Majreen']"
Yoko,['Yojo']
Arlene,"['Arleme', 'Arlenr', 'Arpene', 'Aelene']"
Annette,"['Annetye', 'Annwtte', 'Annettr', 'Wnnette']"
Lolita,['Lplita']
Adrienne,"['Adriejne', 'Asrienne', 'Adriejne', 'Adriennw']"
Blossom,"['Blossim', 'Blosspm', 'Boossom']"
Luella,"['Ljella', 'Puella', 'Lurlla']"
Lurline,"['Lufline', 'Lyrline', 'Purline', 'Lyrline']"
Sandra,['Szndra']
Gail,"['Gaio', 'Gqil']"
Merle,['Meele']
Monica,"['Monida', 'Mojica']"
Arline,"['Arlibe', 'Arlinr', 'Arlinw', 'Arlune']"
Iris,['Irus']
Juliet,"['Jiliet', 'Juluet', 'Muliet']"
Leona,"['Leonz', 'Leoja']"
Lilly,"['Liloy', 'Lillt']"
Sheila,['Sgeila']
Marjory,"['Marmory', 'Marjorh', 'Mzrjory']"
Sharon,"['Shaeon', 'Shzron', 'Dharon']"
Deanna,['Deanja']
Paula,"['Pajla', 'Laula']"
Arleen,"['Arlren', 'Atleen', 'Arlwen', 'Aeleen']"
Faith,"['Faiyh', 'Faigh', 'Fwith']"
Andrea,"['Anrrea', 'Andrwa']"
Edwina,"['Edqina', 'Edsina', 'Edwona']"
Yolanda,['Yplanda']
Lola,"['Lopa', 'Lpla', 'Kola', 'Lolz']"
Lani,"['Pani', 'Lanu']"
Brenda,"['Brensa', 'Grenda']"
Joycelyn,['Joycelyb']
Gwen,"['Geen', 'Gwwn', 'Vwen', 'Vwen']"
Lana,"['Laba', 'Lsna', 'Lanq']"
Carolina,['Carolima']
Luana,['Puana']
Margo,"['Jargo', 'Kargo', 'Marvo']"
Pamela,"['Pamelq', 'Oamela']"
Suzanne,['Suzanbe']
Dianne,['Diannw']
Fay,['Fwy']
Johanna,"['Johanma', 'Joyanna']"
Lorene,"['Lorebe', 'Lorend', 'Lofene', 'Lorrne']"
Stephanie,['Xtephanie']
Bonnie,['Binnie']
Carolann,"['Carooann', 'Carokann', 'Carolanm', 'Caropann']"
Faye,"['Fsye', 'Faue', 'Raye', 'Fahe']"
Rosalinda,"['Eosalinda', 'Rlsalinda']"
Inez,"['Ibez', 'Inwz']"
Alicia,"['Akicia', 'Aoicia', 'Alicis']"
Colleen,"['Collwen', 'Cokleen']"
Dale,"['Dalw', 'Dqle', 'Dape', 'Dalw']"
Francine,"['Franfine', 'Frwncine']"
Georgiana,"['Geotgiana', 'Georgiaja', 'Georgiaja', 'Gdorgiana']"
Leila,"['Lekla', 'Leilz', 'Leika']"
Wendy,['Wrndy']
Michele,"['Michelr', 'Mifhele']"
Cheryl,"['Cheeyl', 'Chertl', 'Xheryl', 'Cheeyl']"
Leslie,"['Lesloe', 'Leslke', 'Ledlie', 'Leslir']"
Marcia,"['Maecia', 'Marcka', 'Maecia', 'Matcia']"
Odetta,"['Odettz', 'Idetta']"
Corrine,['Cortine']
Lynn,['Oynn']
Marsha,"['Mardha', 'Mafsha']"
Minerva,"['Minerqa', 'Kinerva']"
Trudy,['Trury']
Clarice,"['Claeice', 'Claruce', 'Clarive']"
Elena,"['Elens', 'Elenz', 'Eoena', 'Elrna']"
Lei,"['Kei', 'Lri', 'Kei']"
Penelope,['Penelooe']
Noreen,"['Npreen', 'Noreeh']"
Jennifer,"['Hennifer', 'Jennider', 'Jennkfer']"
Charmaine,"['Cyarmaine', 'Chqrmaine']"
Jackie,"['Jsckie', 'Jwckie']"
Jill,['Jilp']
Charleen,"['Charleej', 'Chwrleen']"
Daphne,['Dapjne']
Laraine,"['Larainr', 'Larwine']"
Lenora,"['Penora', 'Penora']"
Rosalind,"['Rosalund', 'Eosalind', 'Rodalind', 'Rosalimd']"
Shirleyann,"['Whirleyann', 'Shirkeyann', 'Shirlryann']"
Terry,"['Ferry', 'Twrry', 'Terrt', 'Trrry']"
Sharlene,"['Shaflene', 'Syarlene']"
Lauren,"['Layren', 'Lauten', 'Lauten']"
Georgia,"['Grorgia', 'Geirgia']"
Lynne,['Lyjne']
Claudette,"['Claufette', 'Clauderte', 'Clwudette']"
Gale,['Gake']
Ingrid,['Inbrid']
Jo,"['Ho', 'Ko']"
Renee,"['Tenee', 'Eenee']"
Janis,"['Janks', 'Jwnis', 'Janos']"
Deborah,"['Deborzh', 'Deborqh', 'Reborah']"
Penny,"['Pennh', 'Penby', 'Penjy', 'Pdnny']"
Georgette,"['Geofgette', 'Feorgette', 'Georvette']"
Laurie,"['Kaurie', 'Laufie', 'Laurke', 'Lautie']"
Sherry,"['Sheery', 'Xherry']"
Dawn,"['Daen', 'Rawn', 'Dqwn', 'Eawn']"
Sheryl,"['Sberyl', 'Shetyl', 'Syeryl']"
Patrice,['Patrixe']
Bernadine,"['Berhadine', 'Bwrnadine']"
Heather,['Yeather']
Robin,"['Robon', 'Eobin']"
Sharleen,['Sharlden']
Laurel,"['Laureo', 'Laurdl', 'Lairel']"
Teresa,"['Terwsa', 'Tetesa', 'Trresa']"
Cassandra,"['Cassahdra', 'Xassandra', 'Cassajdra', 'Cassanera']"
Connie,"['Cobnie', 'Conjie', 'Cohnie', 'Cojnie']"
Danielle,"['Dznielle', 'Dabielle']"
Darleen,"['Darpeen', 'Darledn', 'Darlern', 'Darleej']"
Denise,"['Denide', 'Denkse']"
Gay,"['Gzy', 'Gau', 'Gzy', 'Gwy']"
Jacquelyn,['Jacqudlyn']
Jenny,"['Nenny', 'Jemny', 'Jenhy', 'Jejny']"
Lee,['Lwe']
Marylou,"['Mzrylou', 'Msrylou']"
Nadine,"['Nadinw', 'Badine', 'Nadibe']"
Rene,"['Eene', 'Renr', 'Rwne']"
Sara,"['Sarq', 'Szra', 'Sarw', 'Szra']"
Suzette,"['Suzwtte', 'Suzdtte', 'Suzerte', 'Suaette']"
Vicky,"['Vivky', 'Vicly', 'Vicmy', 'Vocky']"
Candace,"['Camdace', 'Candaxe', 'Caneace', 'Cahdace']"
April,"['Aprik', 'Aprul', 'Aprol', 'Alril']"
Raynette,"['Rahnette', 'Taynette', 'Raunette', 'Raynetfe']"
Kathy,"['Ksthy', 'Mathy', 'Kqthy']"
Lynda,"['Lynsa', 'Lunda', 'Lhnda', 'Kynda']"
Melinda,['Kelinda']
Cathleen,['Cathlern']
Glenda,"['Gldnda', 'Glendw']"
Jasmine,"['Jasminr', 'Jasminw', 'Jazmine']"
Jeannie,['Jeqnnie']
Marianne,"['Maeianne', 'Jarianne']"
Maydeen,"['Maydwen', 'Mayseen', 'Kaydeen', 'Maydern']"
Norene,"['Nofene', 'Norehe', 'Norwne']"
Regina,"['Eegina', 'Regima', 'Fegina']"
Erlinda,"['Erlonda', 'Erlibda']"
Corinne,"['Cotinne', 'Corinnr']"
Shelley,['Shekley']
Lisa,"['Liza', 'Oisa', 'Liwa']"
Althea,"['Alghea', 'Althda', 'Zlthea', 'Akthea']"
Coleen,"['Colden', 'Xoleen']"
Dianna,"['Diannz', 'Diqnna']"
Carmelita,"['Carmwlita', 'Carmelira', 'Catmelita']"
Daryl,"['Dsryl', 'Dafyl', 'Dzryl', 'Dafyl']"
Dayle,"['Daylw', 'Datle', 'Sayle']"
Jessica,['Jessiva']
Jocelyn,['Joceoyn']
Belinda,"['Belimda', 'Bepinda', 'Belihda', 'Belijda']"
Debra,"['Eebra', 'Sebra', 'Debrz']"
Louella,"['Kouella', 'Louekla']"
Nalani,"['Naoani', 'Nalzni']"
Delphine,"['Relphine', 'Eelphine', 'Delphkne', 'Delpjine']"
Tina,"['Tima', 'Rina', 'Tima', 'Tima']"
Avis,['Aviw']
Cindy,"['Cindu', 'Cindt', 'Dindy', 'Cimdy']"
Cora,"['Cpra', 'Clra', 'Cpra']"
Sharen,"['Shaten', 'Shaeen']"
Debbie,['Drbbie']
Patti,['Parti']
Roxanne,"['Eoxanne', 'Eoxanne']"
Dana,"['Dzna', 'Daha']"
Estrellita,"['Estreolita', 'Wstrellita', 'Rstrellita', 'Estrellira']"
Laureen,['Lzureen']
Marleen,"['Marlwen', 'Marleej', 'Marlwen']"
Liane,"['Lisne', 'Lisne', 'Luane']"
Ivy,['Ivh']
Celia,"['Xelia', 'Ceoia']"
Crystal,"['Crystsl', 'Cryxtal', 'Crywtal']"
Jeri,"['Jerk', 'Keri', 'Jwri', 'Jero']"
Jody,"['Mody', 'Kody']"
Mavis,"['Javis', 'Mzvis', 'Mavos', 'Javis']"
Melissa,"['Mdlissa', 'Kelissa', 'Jelissa']"
Bridget,"['Bridbet', 'Bridgrt', 'Bridhet', 'Brodget']"
Johnette,"['Johnegte', 'Jihnette', 'Johmette']"
Lori,"['Loti', 'Llri', 'Pori']"
Lorrie,"['Lorrid', 'Lorrir', 'Lofrie', 'Loerie']"
Lucinda,"['Kucinda', 'Lucindw', 'Lucibda']"
Robyn,['Robyb']
Terri,"['Tefri', 'Terru', 'Rerri', 'Terti']"
Danette,"['Dajette', 'Danetre']"
Ernestine,"['Drnestine', 'Ernesgine']"
Haunani,"['Haunank', 'Haunano']"
Karin,"['Karij', 'Karim', 'Kzrin']"
Kim,['Kum']
Lou,"['Llu', 'Loy']"
Marilynn,"['Maeilynn', 'Marilunn', 'Mariltnn', 'Msrilynn']"
Nola,"['Hola', 'Jola', 'Nopa']"
Vanda,"['Vznda', 'Vanfa', 'Vandz']"
Vickie,"['Vickir', 'Vkckie', 'Vickid', 'Vickue']"
Joni,"['Moni', 'Jomi', 'Jonk']"
Jamie,['Jakie']
Lorelei,['Llrelei']
Celeste,"['Celestr', 'Feleste', 'Cepeste', 'Deleste']"
Germaine,"['Germakne', 'Germaibe', 'Germaone', 'Gernaine']"
Heidi,"['Neidi', 'Jeidi', 'Hridi', 'Yeidi']"
Kimberly,"['Kimberpy', 'Kimberlh', 'Kimbrrly']"
Marla,"['Mafla', 'Karla']"
Nina,"['Ninw', 'Nuna']"
Roxane,"['Roxsne', 'Roxzne', 'Roxqne']"
Shannon,"['Syannon', 'Sbannon']"
Sheree,"['Sherer', 'Shefee', 'Sgeree']"
Debora,"['Deborw', 'Sebora', 'Deborz', 'Debota']"
Desiree,"['Desired', 'Desoree', 'Dediree']"
Sabrina,"['Sabrkna', 'Sabeina', 'Sabriba', 'Sabrona']"
Lianne,"['Liahne', 'Pianne']"
Amber,"['Amher', 'Ambef', 'Akber']"
Leeann,"['Lreann', 'Leeanm', 'Lreann', 'Leeanb']"
Lorena,"['Lotena', 'Lorens', 'Loeena']"
Nan,['Nzn']
Nani,"['Hani', 'Hani', 'Nanu']"
Thalia,"['Thaliq', 'Rhalia', 'Thalka']"
Christy,['Vhristy']
Dorene,"['Dorwne', 'Doreje', 'Dorwne']"
Joslyn,"['Jislyn', 'Jislyn']"
Gina,['Ginz']
Sheri,"['Shwri', 'Syeri', 'Wheri']"
Yvette,"['Yvetre', 'Yvdtte', 'Tvette']"
Jade,['Jare']
Ada,['Ara']
Amanda,['Qmanda']
Becky,"['Becmy', 'Bevky', 'Bevky', 'Beciy']"
Beth,['Betn']
Billie,"['Biplie', 'Biloie', 'Villie', 'Billke']"
Moana,"['Miana', 'Joana', 'Mpana', 'Moans']"
Norine,"['Horine', 'Norihe', 'Norinw']"
Patty,"['Patry', 'Pafty', 'Patyy']"
Sharolyn,"['Sharooyn', 'Sharoltn']"
Sonia,"['Spnia', 'Soniw']"
Adriane,['Adfiane']
Bobbie,"['Blbbie', 'Bobvie']"
Carlene,"['Carleje', 'Carlenw', 'Carkene']"
Freda,"['Fredq', 'Frera', 'Fredw']"
Georgina,"['Gdorgina', 'Georgins', 'Geirgina', 'Geotgina']"
Leanne,"['Lwanne', 'Leqnne', 'Leanbe']"
Sherri,"['Aherri', 'Sherti']"
Cherylann,"['Cnerylann', 'Cherylqnn', 'Chdrylann', 'Xherylann']"
Tammy,"['Tammh', 'Tqmmy']"
Erin,"['Wrin', 'Erib']"
Bonny,"['Binny', 'Nonny']"
Lora,"['Lira', 'Lpra']"
Marisa,"['Marida', 'Marusa']"
Chris,['Cgris']
Kelly,"['Kellt', 'Kellt', 'Keloy', 'Keloy']"
Kristi,"['Ktisti', 'Krizti', 'Lristi', 'Ktisti']"
Mari,"['Msri', 'Maru', 'Mzri', 'Maei']"
Stacie,['Stafie']
Teresita,['Teresiya']
Allison,['Wllison']
Loriann,"['Liriann', 'Loriwnn', 'Loriabn']"
Stacey,"['Stscey', 'Staceu']"
Stacy,"['Stach', 'Stavy', 'Sracy']"
Geri,"['Beri', 'Veri', 'Gero', 'Heri']"
Jodi,"['Jori', 'Jldi', 'Jidi', 'Jodk']"
Cheri,"['Cneri', 'Xheri', 'Cgeri']"
Kerry,"['Krrry', 'Kerru', 'Merry', 'Kerey']"
Shari,"['Shzri', 'Shsri', 'Ahari', 'Shzri']"
Tracey,"['Tracry', 'Traceu', 'Travey']"
Jolene,['Joleje']
Lea,"['Kea', 'Lez', 'Pea', 'Lew']"
Leigh,"['Leihh', 'Leogh', 'Leigy', 'Keigh']"
Malia,['Maoia']
Therese,"['Therexe', 'Therdse']"
Venus,['Cenus']
Tamra,['Tamfa']
Sonya,['Zonya']
Deidre,"['Deidrr', 'Dridre', 'Eeidre', 'Deudre']"
Pam,"['Pwm', 'Psm', 'Psm', 'Pwm']"
Shawn,"['Sbawn', 'Shawm', 'Syawn', 'Shqwn']"
Carleen,"['Carlwen', 'Farleen', 'Cwrleen']"
Carmela,"['Cafmela', 'Cqrmela']"
Jana,"['Janw', 'Janw']"
Leann,"['Leabn', 'Lrann', 'Lewnn']"
Leimomi,"['Leimomk', 'Leimomo']"
Trina,"['Truna', 'Trona', 'Trija']"
Janine,"['Kanine', 'Jabine', 'Janune']"
Shelly,"['Shdlly', 'Shrlly']"
Tammie,"['Tammiw', 'Tqmmie']"
Loreen,['Lorren']
Renette,"['Tenette', 'Rendtte', 'Renegte', 'Rejette']"
Aimee,"['Aikee', 'Qimee', 'Aimew']"
Gretchen,"['Hretchen', 'Greychen', 'Gtetchen']"
Kellie,['Kellue']
Lauri,"['Laurk', 'Lairi']"
Laurieann,['Laurieanj']
Ronda,['Rondq']
Corina,['Coriha']
Cherie,"['Cheriw', 'Cherke', 'Cheroe', 'Cyerie']"
Deanne,['Deamne']
Jodie,['Jodiw']
Kelley,['Kelldy']
Kimberley,['Kumberley']
Leah,"['Lezh', 'Oeah', 'Oeah', 'Peah']"
Luann,"['Luznn', 'Luanh', 'Luanm']"
Maryjane,"['Mwryjane', 'Maryjand']"
Susie,"['Susue', 'Sudie']"
Tracie,"['Teacie', 'Tracke', 'Tracke', 'Trqcie']"
Zelda,['Zekda']
Paige,"['Pauge', 'Paibe', 'Oaige']"
Selina,"['Seluna', 'Selkna']"
Tania,['Tanoa']
Tonya,"['Tonua', 'Tinya']"
Traci,"['Travi', 'Rraci', 'Rraci']"
Glynis,"['Tlynis', 'Gkynis', 'Glyhis', 'Gpynis']"
Allyson,"['Alltson', 'Allysoj']"
Amelia,"['Amrlia', 'Ameloa']"
Camille,"['Famille', 'Camulle', 'Vamille']"
Debby,"['Sebby', 'Debbh']"
Lisaann,"['Liaaann', 'Oisaann']"
Melvina,"['Jelvina', 'Mrlvina', 'Melvkna']"
Tiare,"['Tiaee', 'Tiqre']"
Deneen,"['Denren', 'Denewn', 'Feneen', 'Reneen']"
Karla,"['Karoa', 'Kzrla', 'Kqrla']"
Kristina,"['Kristinw', 'Iristina', 'Kristuna', 'Kriwtina']"
Jeanine,"['Jwanine', 'Jeanind', 'Jeanibe', 'Jeanune']"
Angie,"['Ajgie', 'Amgie', 'Angir']"
Danelle,"['Daneloe', 'Canelle']"
Darla,"['Darlq', 'Dafla', 'Farla']"
Deedee,"['Seedee', 'Deedew']"
Dena,"['Deja', 'Ddna']"
Elise,['Elize']
Janelle,['Jsnelle']
Rena,['Renw']
Sherilyn,"['Sherilyb', 'Sheripyn']"
Trisha,"['Tfisha', 'Ttisha']"
Kris,"['Kriz', 'Krix', 'Kriz']"
Kristin,['Lristin']
Samantha,['Samzntha']
Sophia,"['Zophia', 'Sophoa', 'Sopyia', 'Sophiq']"
Kimberlee,"['Kumberlee', 'Kimberled', 'Kumberlee']"
Kirsten,['Kirsfen']
Liza,['Oiza']
Davelyn,"['Davdlyn', 'Davelym', 'Daveoyn', 'Eavelyn']"
Joleen,"['Uoleen', 'Jooeen', 'Jolden', 'Jolren']"
Lesley,"['Lrsley', 'Lespey', 'Lesldy']"
Edie,"['Edke', 'Edid', 'Eeie']"
Kari,['Mari']
Kehaulani,"['Kegaulani', 'Kehailani', 'Kehaulank']"
Tara,['Taea']
Nicole,"['Niclle', 'Nifole']"
Audra,['Aucra']
Katrina,['Katrona']
Charisse,"['Chaeisse', 'Xharisse', 'Chwrisse']"
Jann,"['Jsnn', 'Jajn']"
Jonelle,"['Jonelld', 'Jonekle', 'Jpnelle']"
Rona,"['Roba', 'Ronz', 'Fona']"
Wendi,"['Wendu', 'Wejdi', 'Wwndi', 'Wendo']"
Dina,"['Dinz', 'Diha', 'Dima']"
Christie,"['Christir', 'Chrisrie']"
Lara,['Lzra']
Monique,"['Mpnique', 'Moniqie']"
Raquel,"['Rzquel', 'Raqyel', 'Rsquel']"
Cami,"['Fami', 'Dami', 'Fami', 'Dami']"
Darcie,"['Datcie', 'Darcid', 'Rarcie']"
Mia,"['Miw', 'Kia', 'Moa']"
Monalisa,"['Konalisa', 'Monaliwa', 'Monaliaa', 'Monqlisa']"
Noel,['Noep']
Sandi,"['Sanfi', 'Sanri', 'Sajdi', 'Swndi']"
Tiffany,"['Giffany', 'Tiffzny', 'Tigfany']"
Josette,"['Josegte', 'Jodette']"
Marlo,"['Maelo', 'Msrlo', 'Msrlo']"
Erika,"['Erikz', 'Etika', 'Erija']"
Gena,"['Geha', 'Bena']"
Arlette,"['Wrlette', 'Atlette']"
Janel,"['Kanel', 'Janeo', 'Jqnel']"
Kristy,"['Krosty', 'Krosty']"
Shana,['Shqna']
Tia,"['Gia', 'Tka', 'Ria', 'Gia']"
Annmarie,"['Annmafie', 'Annmaroe']"
Darice,"['Rarice', 'Daroce']"
Deana,"['Reana', 'Dwana', 'Deanw']"
Kristie,['Kristoe']
Letitia,"['Letitiz', 'Petitia', 'Letitiz']"
Rachelle,"['Racheole', 'Radhelle', 'Eachelle']"
Tricia,"['Triciw', 'Trkcia', 'Trocia', 'Triciz']"
Dionne,['Diohne']
Richelle,"['Ricbelle', 'Eichelle', 'Richellw', 'Fichelle']"
Charla,"['Cgarla', 'Charpa', 'Xharla']"
Janette,"['Jamette', 'Jandtte']"
Kerri,['Kerrk']
Liana,"['Lians', 'Lianz', 'Luana']"
Sharla,"['Sgarla', 'Shsrla', 'Zharla']"
Joely,"['Hoely', 'Joelh', 'Jpely', 'Jorly']"
Lia,"['Lua', 'Lua', 'Lua']"
Marnie,"['Mafnie', 'Marmie', 'Marnue']"
Tessie,"['Tesdie', 'Tessir', 'Tesske', 'Tessiw']"
Chelsea,['Cgelsea']
Krista,['Krisya']
Brandi,"['Branci', 'Branei', 'Branfi', 'Branei']"
Nikki,"['Nikkk', 'Niiki']"
Noelle,"['Noekle', 'Nodlle', 'Moelle']"
Tasha,"['Tashz', 'Gasha']"
Claudine,"['Clqudine', 'Claufine']"
Kara,['Kwra']
Meredith,"['Merrdith', 'Meresith']"
Tisha,"['Tishw', 'Tishq', 'Tusha']"
Angel,"['Sngel', 'Anbel', 'Ahgel']"
Brandy,"['Brandu', 'Brsndy', 'Brahdy']"
Clarissa,"['Dlarissa', 'Clatissa', 'Ckarissa', 'Clafissa']"
Kimberlyann,"['Kimberlyabn', 'Kimberlywnn', 'Kimbdrlyann', 'Kimbeflyann']"
Natasha,"['Natashw', 'Nagasha']"
Brooke,['Nrooke']
Courtney,['Couttney']
Rayna,['Rayns']
Shelby,"['Shwlby', 'Dhelby', 'Shelvy', 'Shelhy']"
Staci,"['Ataci', 'Ataci']"
Windy,"['Windh', 'Wundy']"
Nichole,"['Nidhole', 'Nichooe', 'Nicjole']"
Candy,"['Candu', 'Canry', 'Dandy', 'Canfy']"
Carey,"['Varey', 'Caeey', 'Catey', 'Varey']"
Dara,"['Data', 'Daea', 'Daea']"
Hilary,"['Hioary', 'Nilary']"
Kendra,['Kebdra']
Rebekah,"['Febekah', 'Rebdkah', 'Rebelah', 'Rebrkah']"
Sharilyn,['Shatilyn']
Brandie,"['Brajdie', 'Brandir']"
Joey,"['Jory', 'Moey', 'Moey', 'Jowy']"
Jason,"['Jadon', 'Uason', 'Jaxon']"
Uilani,"['Uilano', 'Iilani']"
Chantel,"['Cgantel', 'Chanyel', 'Cnantel', 'Cyantel']"
Ericka,"['Erivka', 'Rricka', 'Erickq']"
Fern,"['Cern', 'Ferj', 'Rern', 'Ferb']"
Malinda,"['Jalinda', 'Malijda']"
Marci,"['Narci', 'Mardi', 'Marcu', 'Mardi']"
Melisa,['Melisw']
Raelynn,"['Raelhnn', 'Raeoynn']"
Sandee,"['Sanree', 'Sajdee']"
Shanna,"['Shqnna', 'Zhanna', 'Sbanna', 'Shamna']"
Shantel,"['Shsntel', 'Shantrl']"
Tinamarie,"['Tibamarie', 'Tinamarir', 'Tinamaroe', 'Tinamsrie']"
Casey,['Casry']
Charity,"['Charitu', 'Charigy', 'Fharity', 'Chqrity']"
Felicia,['Frlicia']
Marissa,['Marisaa']
Miki,['Niki']
Anela,"['Anelw', 'Abela', 'Aneka']"
Ashley,['Ashldy']
Autumn,"['Aytumn', 'Augumn', 'Autimn']"
Francesca,"['Frandesca', 'Francescq', 'Franceaca', 'Francesxa']"
Shanon,"['Snanon', 'Shanoj', 'Sganon']"
Taryn,"['Garyn', 'Garyn', 'Tartn', 'Tarhn']"
Brandee,"['Grandee', 'Brahdee']"
Justine,"['Kustine', 'Justune']"
Sunshine,['Xunshine']
Jaime,"['Jaome', 'Kaime', 'Jaimr']"
Mandy,"['Mqndy', 'Mzndy']"
Alana,"['Alanz', 'Qlana']"
Chandra,"['Chanfra', 'Vhandra', 'Vhandra', 'Chandrw']"
Chanel,"['Chanep', 'Cganel', 'Cganel', 'Fhanel']"
Kiana,"['Kianq', 'Miana', 'Miana', 'Koana']"
Melveen,"['Melvedn', 'Melveej']"
Pualani,"['Lualani', 'Pualabi', 'Puslani', 'Oualani']"
Marcy,"['Karcy', 'March', 'Matcy']"
Reina,['Teina']
Chantelle,['Chantekle']
Farrah,"['Fzrrah', 'Farran', 'Fafrah']"
Jaimie,"['Jaijie', 'Kaimie', 'Jaimid']"
Carissa,"['Carissw', 'Carizsa', 'Caeissa', 'Csrissa']"
Lehua,"['Lrhua', 'Oehua', 'Lwhua']"
Meagan,"['Jeagan', 'Mesgan']"
Moani,"['Moahi', 'Mowni', 'Moqni', 'Mlani']"
Jaclyn,['Jzclyn']
Nadia,"['Nadoa', 'Naeia', 'Nasia']"
Chanda,['Cnanda']
Aisha,['Qisha']
Carly,['Csrly']
Selena,"['Sepena', 'Swlena', 'Selens']"
Shantell,"['Shantelp', 'Ahantell']"
Chanelle,['Chaneole']
Keala,['Kwala']
Mandi,"['Kandi', 'Msndi', 'Mamdi']"
Leinaala,['Leinwala']
Tabitha,"['Fabitha', 'Tavitha']"
Alyssa,['Alyasa']
Ana,"['Ans', 'Aba', 'Aha']"
Harmony,['Harnony']
Kaiulani,"['Kaiulahi', 'Kaiulano']"
Krystal,['Ktystal']
Meghan,"['Meggan', 'Mefhan', 'Meghqn', 'Megjan']"
Alexis,"['Alexiz', 'Alexos', 'Qlexis', 'Zlexis']"
Cory,"['Cpry', 'Xory', 'Corh']"
Crissy,['Xrissy']
Jenelle,"['Jejelle', 'Jenelld', 'Jenwlle']"
Kiley,['Kilwy']
Leialoha,"['Lekaloha', 'Peialoha']"
Mindy,"['Minry', 'Minfy']"
Starr,"['Statr', 'Srarr', 'Stsrr', 'Srarr']"
Tori,"['Tlri', 'Tlri', 'Tofi', 'Fori']"
Alisha,"['Alisga', 'Alishs']"
Lindsey,"['Lincsey', 'Lincsey', 'Pindsey']"
Elisha,"['Ekisha', 'Elusha']"
Janna,"['Jannw', 'Janba', 'Jannz', 'Jannw']"
Sasha,"['Saaha', 'Sashq']"
Brianne,"['Bruanne', 'Bruanne', 'Brkanne', 'Briahne']"
Jayna,"['Uayna', 'Jauna', 'Jzyna', 'Jauna']"
Marlena,"['Matlena', 'Mzrlena']"
Shayna,['Shatna']
Cherry,"['Dherry', 'Cherey']"
Cheyenne,"['Cheydnne', 'Cheywnne', 'Chwyenne']"
Emerald,['Emerqld']
Jaymie,['Jahmie']
Kanoelani,"['Kanpelani', 'Kanoelzni', 'Janoelani']"
Kellyann,"['Kellyajn', 'Krllyann', 'Kelltann', 'Kelkyann']"
Marcie,"['Marxie', 'Msrcie']"
Mikiala,"['Miliala', 'Mikiqla']"
Shanelle,"['Shaneloe', 'Shanwlle', 'Shwnelle', 'Shanelpe']"
Nohelani,"['Nohelsni', 'Nonelani', 'Bohelani']"
Rhea,['Rhew']
Adriana,"['Aeriana', 'Adriama', 'Adrkana']"
Cherise,"['Cheeise', 'Cherisd', 'Chetise']"
Kainoa,"['Kqinoa', 'Kaimoa', 'Kainia']"
Kasey,"['Kasry', 'Iasey']"
Krissy,['Kriwsy']
Maya,"['Jaya', 'Mays', 'Mayz', 'Maha']"
Tatiana,"['Tatianz', 'Tatuana']"
Alyson,"['Akyson', 'Slyson']"
Aubrey,"['Aubtey', 'Subrey', 'Aunrey', 'Zubrey']"
Chelsey,"['Dhelsey', 'Chelsdy', 'Cheldey', 'Cheldey']"
Jenna,['Jennw']
Kuulei,"['Kuulri', 'Kyulei', 'Kuupei', 'Kiulei']"
Latoya,['Patoya']
Nicolette,"['Nicooette', 'Nicllette', 'Nicoletfe', 'Nicolrtte']"
Sunny,"['Sujny', 'Sumny', 'Synny']"
Talia,['Talis']
Bianca,"['Biancq', 'Biabca', 'Bianda']"
Tierra,['Tiwrra']
Bethany,"['Betyany', 'Betyany']"
Briana,"['Bfiana', 'Nriana', 'Hriana']"
Mariko,"['Kariko', 'Nariko']"
Lahela,['Lahelw']
Leticia,"['Lwticia', 'Leticiw', 'Letkcia', 'Letocia']"
Sheena,"['Sheema', 'Shdena']"
Tiffanie,['Yiffanie']
Ebony,"['Rbony', 'Eboby', 'Rbony', 'Ebojy']"
Elisabeth,"['Elisabdth', 'Elisabwth', 'Elisqbeth']"
Shaina,"['Shainz', 'Shwina', 'Shainz']"
Shanell,['Shanelk']
Nohealani,"['Nohealaji', 'Mohealani', 'Mohealani', 'Nojealani']"
Krystle,['Kryztle']
Cassie,"['Xassie', 'Caasie', 'Cawsie', 'Cadsie']"
Brianna,"['Brianja', 'Broanna', 'Bfianna']"
Leslieann,['Ledlieann']
Shyann,"['Shyanb', 'Shyahn', 'Ahyann', 'Shtann']"
Ariel,"['Atiel', 'Aeiel']"
Dominique,['Domijique']
Kelsey,"['Ielsey', 'Kdlsey', 'Kelsry', 'Kelseu']"
Kelsi,['Lelsi']
Kristyn,"['Kristyj', 'Krisgyn', 'Jristyn']"
Lacy,"['Laxy', 'Lwcy', 'Lact', 'Lqcy']"
Lehuanani,"['Oehuanani', 'Lenuanani', 'Lehuanqni']"
Rosanna,"['Rowanna', 'Roaanna', 'Risanna', 'Roswnna']"
Tiara,"['Tkara', 'Giara', 'Tkara']"
Brittany,"['Bruttany', 'Brittanu', 'Brkttany', 'Bfittany']"
Charis,"['Chwris', 'Charus', 'Cbaris']"
Jasmin,"['Jasnin', 'Kasmin', 'Jasnin', 'Jzsmin']"
Jenilee,['Jenilwe']
Katharine,"['Kathaeine', 'Katharind']"
Kayla,"['Katla', 'Kqyla', 'Kzyla', 'Kayls']"
Kira,"['Kiea', 'Lira', 'Kiea', 'Kirs']"
Marina,['Marinq']
Chelsie,"['Chelaie', 'Cheksie', 'Chrlsie']"
Alexandra,['Alexandfa']
Ashlee,['Ashler']
Kanoe,"['Kznoe', 'Janoe']"
Lacey,"['Lacet', 'Lafey', 'Oacey']"
Kristal,"['Kriatal', 'Kristql']"
Blair,['Blaie']
Chantell,"['Chzntell', 'Chantelo', 'Chantelk', 'Chantepl']"
Christin,['Chrostin']
Chrystal,"['Chryztal', 'Chrystap', 'Dhrystal', 'Xhrystal']"
Jolyn,['Joltn']
Keikilani,"['Keikklani', 'Meikilani', 'Keikilano']"
Kimi,"['Kiji', 'Iimi']"
Kyra,"['Myra', 'Kura', 'Kyea']"
Precious,"['Precioys', 'Predious', 'Prefious', 'Precioud']"
Savannah,"['Swvannah', 'Ssvannah', 'Savanjah', 'Davannah']"
Miranda,"['Miranca', 'Mirahda', 'Miramda']"
Brittney,"['Brirtney', 'Britgney']"
Janeen,"['Kaneen', 'Jzneen']"
Tehani,"['Tehsni', 'Twhani', 'Tdhani', 'Tenani']"
Chloe,"['Chpoe', 'Cgloe', 'Chlpe', 'Chooe']"
Kalena,"['Kaoena', 'Kaleba', 'Kalema']"
Mallory,"['Mallorh', 'Mallort', 'Mallpry', 'Kallory']"
Caitlin,"['Csitlin', 'Cairlin', 'Caitlij', 'Caitlij']"
Cherish,"['Cherksh', 'Cherixh', 'Cheriwh', 'Cheriah']"
Elyse,"['Eoyse', 'Elyde']"
Jayme,"['Jayke', 'Jayne', 'Jaymd', 'Jayke']"
Micah,"['Micaj', 'Mivah']"
Trista,"['Tristw', 'Tristq', 'Trisra', 'Triata']"
Sierra,"['Sierea', 'Sidrra', 'Skerra']"
Jena,"['Jenq', 'Jens', 'Jwna']"
Lyndsey,"['Lyndset', 'Lyndswy', 'Lyndaey']"
Skye,"['Skyr', 'Skyr']"
Alexandria,['Alexandriw']
Angelica,['Ahgelica']
Britney,"['Btitney', 'Britnwy']"
Hollie,"['Holkie', 'Hollke']"
Mahina,"['Mahiha', 'Mzhina', 'Kahina']"
Mariah,['Mafiah']
Sharde,"['Shaede', 'Shzrde', 'Sharce', 'Aharde']"
Whitney,"['Wyitney', 'Whitneu']"
Nakita,"['Nzkita', 'Nakiya', 'Nakiga', 'Nakira']"
Chante,"['Chahte', 'Xhante', 'Chanre']"
Keshia,"['Kesyia', 'Kewhia', 'Kexhia']"
Ashly,"['Axhly', 'Asbly', 'Asyly']"
Jamielee,"['Jamieoee', 'Jamieled', 'Jamielde', 'Jamiwlee']"
Nikita,"['Niiita', 'Hikita']"
Ciara,"['Ciars', 'Ciata', 'Ciafa', 'Ciaea']"
Jamieann,"['Jamieabn', 'Namieann']"
Justina,"['Justona', 'Justinw', 'Juxtina', 'Justkna']"
Kate,"['Late', 'Katw', 'Mate', 'Kage']"
Sherilynn,"['Aherilynn', 'Sherilyjn', 'Sherilymn', 'Shefilynn']"
Kelsie,['Melsie']
Shantelle,"['Shantelke', 'Shantellr', 'Shantekle']"
Ashleyann,"['Ashleyajn', 'Sshleyann', 'Asyleyann', 'Ashlehann']"
Sanoe,"['Sqnoe', 'Sanow']"
Shante,"['Shznte', 'Snante', 'Sbante', 'Shanre']"
Shyla,"['Shula', 'Dhyla', 'Shyls']"
Tanisha,"['Tanizha', 'Tanisja', 'Tanidha', 'Taniaha']"
Alysha,"['Zlysha', 'Alysya', 'Alyshw']"
Ashleigh,"['Qshleigh', 'Ashleigb']"
Ashleymarie,"['Ashleymaroe', 'Aahleymarie']"
Haley,"['Haleu', 'Haldy', 'Halwy']"
Kelliann,['Kelliabn']
Leia,"['Leua', 'Peia', 'Lria', 'Lwia']"
Taylor,"['Taykor', 'Tayllr']"
Asia,"['Adia', 'Awia', 'Asiw']"
Cherelle,"['Cherekle', 'Cherwlle']"
Cierra,"['Cuerra', 'Ciwrra']"
Jerica,"['Jwrica', 'Jrrica']"
Kaitlyn,"['Kaktlyn', 'Kzitlyn']"
Katelyn,"['Katdlyn', 'Katrlyn', 'Kafelyn', 'Katelyh']"
Kylie,['Kykie']
Alexa,"['Alwxa', 'Aleza', 'Apexa', 'Qlexa']"
Breanna,"['Nreanna', 'Brewnna']"
Brittni,"['Brkttni', 'Brittnu', 'Beittni']"
Caitlyn,"['Vaitlyn', 'Caitkyn', 'Caitlyj', 'Xaitlyn']"
Jazmine,"['Jasmine', 'Jazmije', 'Jazmind', 'Jszmine']"
Kacie,"['Kacke', 'Kavie', 'Kacoe']"
Kaitlin,['Kairlin']
Kali,"['Kqli', 'Mali']"
Karissa,['Karisxa']
Kori,"['Kiri', 'Lori']"
Maegan,"['Maegqn', 'Mwegan']"
Shayla,"['Shaula', 'Shayka']"
Sydney,"['Sydbey', 'Sydneu', 'Syeney']"
Cassidy,"['Cassicy', 'Caxsidy', 'Cassify']"
Arielle,"['Ariwlle', 'Wrielle', 'Qrielle', 'Aruelle']"
Julianne,"['Julianbe', 'Julianhe', 'Julianhe']"
Kylee,"['Kykee', 'Kylwe', 'Lylee']"
Tawny,"['Tawnu', 'Tasny']"
Anastasia,"['Anastaaia', 'Anastazia', 'Anawtasia', 'Anastazia']"
Ashlynn,"['Sshlynn', 'Ashltnn', 'Adhlynn']"
Brittnee,"['Brittned', 'Britthee']"
Brittnie,"['Brittniw', 'Hrittnie', 'Brigtnie']"
Gabriella,"['Gabriellw', 'Ganriella', 'Gabruella']"
Leanna,['Oeanna']
Lisamarie,"['Lusamarie', 'Kisamarie', 'Lizamarie', 'Losamarie']"
Michaela,['Micharla']
Mika,"['Jika', 'Jika', 'Jika']"
Princess,"['Princeas', 'Princesa', 'Princexs']"
Tiani,['Toani']
Tianna,"['Tianma', 'Tiwnna', 'Tkanna']"
Zoe,"['Zle', 'Soe', 'Soe', 'Zow']"
Kiani,['Kkani']
Kyla,"['Kyka', 'Jyla', 'Jyla']"
Alexia,['Alesia']
Arianna,"['Arianja', 'Arianns', 'Atianna', 'Arisnna']"
Athena,['Atheha']
Kelsea,"['Kelsra', 'Krlsea', 'Kelsez', 'Kelsew']"
Abcde,"['Avcde', 'Abdde']"
Alanna,['Akanna']
Hailey,"['Hailwy', 'Hailet', 'Haildy']"
Kassandra,"['Ksssandra', 'Kzssandra']"
Kaylee,['Ksylee']
Kelcie,['Kelcue']
Kiara,['Kiqra']
Paris,"['Laris', 'Patis', 'Parks', 'Oaris']"
Shyanne,['Shysnne']
Simone,"['Simpne', 'Sikone']"
Misha,['Kisha']
Hayley,['Hauley']
Iesha,"['Iesna', 'Irsha']"
Keli,['Leli']
Ava,['Aqa']
Deja,"['Deua', 'Seja', 'Dema']"
Genesis,"['Genwsis', 'Gendsis', 'Genesia']"
Jordyn,"['Jorfyn', 'Jorsyn']"
Kaila,['Jaila']
Kaitlynn,"['Kaiflynn', 'Kaiylynn', 'Kaitlybn']"
Shanice,['Shanife']
Hillary,"['Hilpary', 'Hiplary', 'Nillary', 'Hillzry']"
Kawehi,"['Kawrhi', 'Kaqehi']"
Destinee,"['Destunee', 'Deztinee', 'Deatinee']"
Kaili,"['Kwili', 'Kailu', 'Kzili']"
Krysta,['Krysts']
Brittani,"['Brigtani', 'Brittano']"
Brittny,"['Britgny', 'Grittny', 'Hrittny']"
Devon,"['Devom', 'Devpn', 'Debon']"
Diamond,"['Diamonf', 'Diamone']"
Jaylene,"['Jahlene', 'Jaylenw', 'Maylene']"
Jerrica,"['Jerroca', 'Jerroca', 'Jertica', 'Jereica']"
Kisha,"['Misha', 'Kishq', 'Kisja', 'Kishw']"
Tyler,"['Typer', 'Fyler', 'Tylef']"
Breana,"['Beeana', 'Bteana', 'Breanz']"
Ciera,"['Ciers', 'Cidra', 'Coera', 'Ckera']"
Serina,['Seruna']
Alina,"['Alkna', 'Aluna', 'Aoina', 'Aoina']"
Bronte,"['Brinte', 'Brlnte', 'Brobte']"
Jazmyn,['Jasmyn']
Kortney,['Koftney']
Shelbi,['Shelgi']
Kaylin,"['Kaypin', 'Kaylon', 'Kqylin', 'Iaylin']"
Hiilani,['Jiilani']
Karina,['Karona']
Kailani,"['Kailwni', 'Kailank', 'Kailank', 'Kailzni']"
Kaylie,"['Kahlie', 'Kqylie', 'Kayliw']"
Kaylyn,"['Kaypyn', 'Kqylyn']"
Kealohilani,"['Kealohilqni', 'Keapohilani', 'Mealohilani']"
Keana,"['Keama', 'Ieana', 'Keama', 'Jeana']"
Keila,['Keola']
Kela,['Kelz']
Makayla,['Makahla']
Mikayla,"['Mokayla', 'Mukayla', 'Mikayoa', 'Mikaylz']"
Savanna,"['Sabanna', 'Swvanna', 'Savanma']"
Sharmaine,"['Shatmaine', 'Shatmaine', 'Sbarmaine']"
Brenna,"['Hrenna', 'Nrenna', 'Brenns']"
Brittanyann,['Brittanyahn']
Colby,"['Copby', 'Copby']"
Jaimee,"['Jaimed', 'Jaumee', 'Jqimee']"
Jasmyne,"['Jasmune', 'Jwsmyne']"
Kaela,"['Ksela', 'Kaelq']"
Kailee,"['Lailee', 'Kaioee']"
Kailey,"['Kaileu', 'Kauley', 'Jailey']"
Nanea,['Nanez']
Sarina,"['Szrina', 'Swrina', 'Sarinz', 'Safina']"
Shea,"['Sgea', 'Shwa']"
Anuhea,"['Znuhea', 'Anihea', 'Ahuhea', 'Snuhea']"
Justice,"['Justicd', 'Jystice', 'Jjstice', 'Juxtice']"
Mikaela,"['Mkkaela', 'Mikarla']"
Hokulani,"['Hokulqni', 'Bokulani', 'Hlkulani', 'Hokulwni']"
Kaylynn,"['Kaypynn', 'Kahlynn', 'Kaylynb', 'Kahlynn']"
Aliyah,['Aluyah']
Cayla,"['Czyla', 'Xayla']"
Kaylaann,"['Kaylaanm', 'Kaylaabn']"
Antonia,"['Ahtonia', 'Abtonia', 'Antonoa', 'Antomia']"
Breanne,"['Breznne', 'Greanne']"
Carina,"['Xarina', 'Varina', 'Czrina']"
Cheyanne,"['Cheywnne', 'Cgeyanne', 'Dheyanne']"
Gabriela,"['Gabrieka', 'Gabridla']"
Katalina,"['Jatalina', 'Katslina']"
Katelynn,"['Kateltnn', 'Katdlynn', 'Katelunn', 'Kayelynn']"
Macie,"['Nacie', 'Mavie', 'Maciw', 'Mzcie']"
Mckenna,"['Mckenha', 'Mckwnna']"
Tatianna,"['Tatiwnna', 'Tatianba']"
Logan,"['Logwn', 'Oogan', 'Logah']"
Shania,"['Shanoa', 'Sbania', 'Xhania']"
Tyra,"['Ryra', 'Thra']"
Ashlie,"['Ashlid', 'Ashlue', 'Zshlie', 'Sshlie']"
Celina,['Celuna']
Harley,"['Harlwy', 'Haeley', 'Hqrley', 'Harldy']"
Kamalei,['Kamslei']
Aulani,"['Aylani', 'Qulani', 'Aulzni']"
Jazmin,"['Jaznin', 'Jaznin']"
Kaci,['Kacu']
Shaianne,"['Shaiabne', 'Shaiajne', 'Dhaianne']"
Sydnie,"['Sydnoe', 'Syenie', 'Sydhie']"
Darian,"['Darizn', 'Dariah', 'Dzrian']"
Kalei,"['Kslei', 'Kaleo', 'Kalwi', 'Kaleu']"
Skyler,"['Skyker', 'Skylet', 'Skylet', 'Skylwr']"
Adrianna,"['Adrisnna', 'Adtianna']"
Aulii,"['Aylii', 'Aupii', 'Aulik', 'Auoii']"
Dakota,['Dakofa']
Elyssa,"['Elyzsa', 'Elyssq', 'Wlyssa', 'Elysaa']"
Kacey,"['Kaceu', 'Kzcey', 'Kacwy', 'Kaceh']"
Keahi,"['Kwahi', 'Keshi', 'Keayi']"
Kealani,"['Kwalani', 'Keqlani']"
Maggie,"['Kaggie', 'Magtie', 'Maggiw']"
Natalia,"['Nataliz', 'Natakia', 'Matalia']"
Sage,"['Sabe', 'Swge', 'Safe']"
Sariah,"['Sariqh', 'Sariaj', 'Saeiah']"
Sidney,"['Sidhey', 'Sidneu', 'Sidneh']"
Sienna,"['Sienha', 'Sienba', 'Wienna', 'Siemna']"
Tea,"['Tra', 'Tda', 'Twa', 'Tes']"
Cameron,"['Cameroh', 'Cameeon', 'Vameron', 'Camdron']"
Maia,"['Mais', 'Jaia']"
Eden,"['Ecen', 'Edeb']"
Hana,"['Hzna', 'Hanq', 'Hans', 'Nana']"
Kennedy,"['Iennedy', 'Kennedt']"
Kiera,"['Kidra', 'Kkera', 'Kierw', 'Koera']"
Madeleine,"['Kadeleine', 'Madeleinw']"
Taira,"['Tqira', 'Taura', 'Taora', 'Yaira']"
Camryn,"['Cajryn', 'Czmryn']"
Jasmyn,"['Jssmyn', 'Jaskyn']"
Karley,['Marley']
Karli,"['Jarli', 'Kaeli', 'Karlu', 'Karlu']"
Keely,"['Jeely', 'Kerly', 'Kewly']"
Kianna,"['Kiannz', 'Kiwnna']"
Lexus,"['Lecus', 'Lwxus', 'Lexux', 'Lrxus']"
Mckenzie,"['Mckenziw', 'Jckenzie']"
Mikela,"['Mikeoa', 'Mokela']"
Rylee,"['Eylee', 'Rtlee', 'Rylew', 'Rylew']"
Tihani,"['Rihani', 'Tiyani', 'Tkhani']"
Lauryn,['Lajryn']
Chevelle,"['Chebelle', 'Checelle', 'Checelle']"
Gianna,"['Goanna', 'Goanna', 'Bianna', 'Gianns']"
Kamaile,['Kamailw']
Kenna,"['Kennw', 'Kennz', 'Kenba']"
Macy,"['Mact', 'Maxy']"
Jaelyn,['Haelyn']
Kaimana,"['Kaimaja', 'Kaimzna', 'Kzimana', 'Kaimans']"
Kainani,['Kainsni']
Katarina,['Kqtarina']
Kayana,"['Kqyana', 'Kayanq', 'Iayana']"
Kaylah,['Kaylqh']
Kyara,"['Ktara', 'Kuara', 'Kyzra', 'Lyara']"
Mya,"['Mha', 'Kya']"
Piilani,"['Piilano', 'Piilsni']"
Saige,"['Xaige', 'Saife', 'Aaige', 'Sakge']"
Shaniah,"['Sjaniah', 'Ahaniah', 'Dhaniah', 'Dhaniah']"
Tatum,['Ratum']
Tristyn,['Tristun']
Kamryn,['Kajryn']
Jewel,['Mewel']
Sofia,"['Slfia', 'Slfia']"
Jazlyn,"['Nazlyn', 'Jazpyn']"
Alena,['Apena']
Taylorann,"['Taylorajn', 'Tayloranj', 'Taylorajn']"
Zoey,"['Soey', 'Soey']"
Dallas,['Dallzs']
Hailee,"['Hailew', 'Hailde', 'Haolee', 'Jailee']"
Heaven,"['Heavdn', 'Heavem', 'Heaveh']"
Jayla,"['Uayla', 'Kayla', 'Uayla']"
Kaile,"['Kakle', 'Jaile']"
Kaira,"['Maira', 'Kqira', 'Kaiea']"
Kalia,"['Kzlia', 'Lalia', 'Kalka', 'Kapia']"
Karlee,"['Karkee', 'Karlew', 'Marlee']"
Kassidy,"['Kasaidy', 'Kassify', 'Lassidy']"
Keanu,"['Keani', 'Meanu', 'Leanu']"
Serenity,"['Serejity', 'Werenity', 'Srrenity']"
Sydni,['Stdni']
Yasmine,['Yaamine']
Isis,"['Isks', 'Isia', 'Isus']"
Makenna,['Makenha']
Amaya,"['Ajaya', 'Amata']"
Haylee,['Haylew']
Lyric,"['Lyruc', 'Lytic']"
Makenzie,['Makenaie']
Jaden,"['Jadwn', 'Jadrn', 'Jaddn', 'Jadwn']"
Riana,"['Rians', 'Riwna', 'Fiana']"
Ashanti,"['Asyanti', 'Asjanti']"
Acacia,"['Aczcia', 'Acaciw', 'Acavia']"
Brooklyn,"['Btooklyn', 'Brooklyj']"
Daniella,['Damiella']
Kaiya,"['Kaiyq', 'Jaiya', 'Kaiyq', 'Kqiya']"
Mehana,['Mehsna']
Miya,"['Miyw', 'Mita']"
Nevaeh,"['Nebaeh', 'Nevadh', 'Nevaeg']"
Tehya,"['Tehyq', 'Yehya', 'Tehha']"
Carley,"['Caeley', 'Caroey', 'Czrley', 'Csrley']"
Kayleigh,['Layleigh']
Miracle,"['Kiracle', 'Miracld', 'Mirzcle', 'Mitacle']"
Annika,"['Wnnika', 'Anniia']"
Willow,"['Wullow', 'Wollow']"
Amara,"['Smara', 'Amaea', 'Amaea', 'Ajara']"
Aria,"['Qria', 'Afia', 'Ariq', 'Arua']"
Alayna,['Alayha']
Alia,"['Alis', 'Alua', 'Zlia']"
Avalon,"['Avalln', 'Avalom', 'Qvalon']"
Avery,"['Aveey', 'Avety', 'Zvery', 'Averu']"
Jaedyn,['Jaedyh']
Jolie,"['Molie', 'Jokie', 'Jplie']"
Kaia,['Ksia']
Aleah,"['Alwah', 'Aldah']"
Gracie,['Gracid']
Kayli,"['Kahli', 'Kaylk']"
Rylie,"['Rulie', 'Tylie']"
Keira,"['Keiea', 'Keifa', 'Keirq']"
Jaycie,['Jsycie']
Aiyana,"['Aihana', 'Aiyanq', 'Aiyaba', 'Aiyama']"
Cadence,"['Cadenxe', 'Cadrnce']"
Kaena,"['Jaena', 'Kaeha']"
Kyrie,"['Jyrie', 'Kytie', 'Ktrie', 'Khrie']"
Lilia,['Likia']
Luna,"['Luns', 'Luha', 'Lunw', 'Luns']"
Siena,"['Soena', 'Ziena']"
Brynn,"['Brynh', 'Hrynn', 'Brynh']"
Gillian,"['Gillizn', 'Gilliqn', 'Gilloan']"
Kirra,"['Jirra', 'Jirra', 'Kirrq', 'Kirta']"
Lexi,"['Ledi', 'Ldxi', 'Lexk', 'Leci']"
Piper,['Pipee']
Zoie,"['Zpie', 'Aoie', 'Zooe']"
Eliana,['Elkana']
Eve,['Evr']
Hiilei,"['Hiileo', 'Hiulei']"
Jaylynn,"['Jaylynb', 'Jaylynb']"
Journey,"['Jojrney', 'Joyrney', 'Jiurney', 'Journwy']"
Keilani,['Kdilani']
Keona,"['Krona', 'Kwona', 'Krona', 'Kelna']"
Laila,"['Lwila', 'Lwila']"
Leiana,"['Oeiana', 'Leiaha']"
Reese,"['Eeese', 'Redse', 'Feese']"
Selah,"['Delah', 'Zelah']"
Shaelyn,"['Shaelun', 'Shadlyn']"
Shaylee,"['Shayoee', 'Shwylee', 'Snaylee', 'Zhaylee']"
Jadyn,"['Jsdyn', 'Kadyn', 'Jadym', 'Jqdyn']"
Taimane,"['Taikane', 'Taimzne']"
Giselle,"['Gisdlle', 'Giwelle']"
Kadence,"['Kaddnce', 'Kasence']"
Shaelynn,['Shawlynn']
Ayla,['Ayka']
Payton,['Oayton']
Fiona,"['Foona', 'Foona', 'Riona']"
Lilinoe,"['Lilinor', 'Lipinoe']"
Alexus,"['Alwxus', 'Alexuw', 'Alexuw']"
Ayanna,"['Ayqnna', 'Ayannz']"
Elle,['Rlle']
Emi,"['Emu', 'Dmi', 'Wmi', 'Dmi']"
Izabella,['Izabeola']
Brielle,"['Nrielle', 'Btielle']"
Callie,"['Callid', 'Fallie', 'Vallie']"
Jaylee,"['Jaylew', 'Jaykee']"
Julianna,"['Kulianna', 'Jilianna', 'Julianns']"
Kairi,"['Kairk', 'Lairi', 'Ksiri', 'Lairi']"
Keilana,"['Ieilana', 'Krilana', 'Keilaba', 'Keulana']"
Maila,"['Maola', 'Kaila', 'Mailz']"
Makamae,"['Jakamae', 'Jakamae', 'Mwkamae', 'Makamwe']"
Reagan,['Rragan']
Sakura,"['Sqkura', 'Saiura', 'Szkura']"
Saysha,"['Sayshq', 'Sausha', 'Sausha', 'Saysba']"
Scarlett,['Sfarlett']
Tristen,"['Yristen', 'Trosten']"
Hayden,['Hayddn']
Addison,"['Addisom', 'Asdison', 'Addispn']"
Lexie,"['Lezie', 'Lexke']"
Meleana,"['Keleana', 'Mepeana']"
Peyton,"['Peyfon', 'Peytln']"
Charlee,"['Charlde', 'Chzrlee']"
Madelyn,"['Madeoyn', 'Madwlyn']"
Ayva,"['Ayvz', 'Ahva']"
Bailee,"['Bailed', 'Bailer', 'Bailde', 'Baolee']"
Kailah,"['Kailqh', 'Kailan']"
Kaily,"['Kailu', 'Kwily', 'Kzily', 'Kaioy']"
Kenzie,"['Kensie', 'Kemzie', 'Kehzie']"
Star,"['Stqr', 'Stat']"
Khloe,"['Mhloe', 'Kgloe', 'Lhloe']"
Miley,['Mioey']
Maddison,"['Madsison', 'Maddisin']"
Isla,"['Iwla', 'Isls']"
Jaeda,"['Naeda', 'Jarda']"
Madisyn,"['Madisun', 'Madishn', 'Madiayn']"
Shiloh,"['Shikoh', 'Sgiloh']"
Allie,"['Alkie', 'Aplie', 'Alkie']"
Caylee,['Cayler']
Laakea,"['Lsakea', 'Laajea', 'Lqakea', 'Laqkea']"
Mailani,"['Nailani', 'Mzilani']"
Mckayla,['Mckaula']
Paisley,"['Paosley', 'Paisleu', 'Pzisley', 'Oaisley']"
Rhianna,"['Rhiznna', 'Fhianna']"
Shaila,['Whaila']
Taliyah,['Tsliyah']
Zariah,['Zarian']
Harper,"['Harler', 'Hafper', 'Garper', 'Hqrper']"
Hiiaka,['Hiiakz']
Kailea,"['Kailra', 'Kailez', 'Kailwa', 'Kaikea']"
Myla,['Jyla']
Kailana,"['Kailanq', 'Lailana']"
Mila,"['Mkla', 'Mula', 'Mula', 'Jila']"
Ryann,"['Ryajn', 'Ryanh']"
Zaylee,"['Zahlee', 'Xaylee']"
Airi,"['Airk', 'Wiri', 'Aifi']"
Dylan,['Dulan']
Elliana,['Epliana']
Makana,"['Nakana', 'Majana', 'Maksna', 'Nakana']"
Rayne,"['Rzyne', 'Raynw', 'Rsyne', 'Raynd']"
Alessandra,"['Alessandrw', 'Alessandea', 'Wlessandra']"
Anya,"['Anha', 'Snya']"
Kendall,"['Kendapl', 'Kehdall', 'Keneall']"
Raegan,"['Raegzn', 'Taegan', 'Raegah']"
Zara,"['Sara', 'Sara', 'Zafa', 'Sara']"
Aiyanna,"['Aiywnna', 'Aiywnna', 'Aiyznna']"
Anaya,"['Anaua', 'Anata']"
Brooklynn,"['Brolklynn', 'Broomlynn']"
Caelyn,"['Caepyn', 'Carlyn']"
Lilyana,"['Lklyana', 'Lilyaha']"
London,['Londln']
Madysen,"['Kadysen', 'Nadysen']"
Malina,['Nalina']
Paityn,"['Laityn', 'Psityn', 'Paittn']"
Delilah,"['Delilzh', 'Delulah']"
Alaina,"['Alakna', 'Akaina', 'Alakna', 'Akaina']"
Aliana,"['Wliana', 'Aoiana', 'Aliwna']"
Aubree,"['Aubrre', 'Auvree', 'Subree']"
Yuna,"['Yunz', 'Yuha']"
Annabella,"['Annabelpa', 'Anhabella', 'Ajnabella', 'Annabepla']"
Nia,"['Nis', 'Nua', 'Noa', 'Jia']"
Aryanna,"['Aryanns', 'Artanna']"
Aubrie,"['Aubrke', 'Aybrie', 'Aubeie']"
Audrina,['Audeina']
Briella,"['Briwlla', 'Brieloa', 'Brkella', 'Brielka']"
Jersey,"['Jerwey', 'Jeesey', 'Jefsey']"
Nalia,"['Naliz', 'Nalis', 'Nalis', 'Napia']"
Ryleigh,"['Rylrigh', 'Ryleibh', 'Rylrigh']"
Lilikoi,['Lilikoo']
Arya,"['Arua', 'Aryq', 'Arua', 'Arta']"
Aliya,"['Aliys', 'Alita', 'Aliyw', 'Aliyw']"
Avamarie,"['Avamarir', 'Avamaeie', 'Avwmarie']"
Azalea,['Azzlea']
Elianna,"['Eliajna', 'Elkanna']"
Abby,"['Wbby', 'Abny', 'Abbu']"
Ari,"['Aro', 'Qri', 'Zri', 'Ark']"
Aurelia,"['Aueelia', 'Aufelia', 'Ayrelia', 'Wurelia']"
Kalani,"['Kakani', 'Kzlani']"
Kulia,"['Kilia', 'Kukia']"
Legacy,['Lefacy']
Lilliana,"['Lilliwna', 'Lillisna', 'Lklliana']"
Naya,"['Nayz', 'Naua', 'Nayz']"
Phoenix,"['Phoenkx', 'Phoenkx']"
Charlie,"['Vharlie', 'Charloe']"
Haven,"['Naven', 'Haqen', 'Hafen', 'Naven']"
Everly,"['Everoy', 'Ecerly', 'Eqerly']"
Iliana,"['Ilianq', 'Uliana', 'Iliwna']"
Ainsley,['Ainsleu']
Alivia,['Alicia']
Aniyah,"['Anihah', 'Aniysh', 'Aniyab', 'Aniyab']"
Azure,['Azuee']
Ilihia,"['Ilihis', 'Ilibia']"
Kelia,['Kekia']
Norah,"['Norzh', 'Nirah', 'Nlrah', 'Noraj']"
Arabella,"['Aravella', 'Zrabella']"
Adalynn,"['Adaltnn', 'Asalynn', 'Zdalynn', 'Wdalynn']"
Averie,"['Averir', 'Averke', 'Averiw', 'Zverie']"
Naiya,['Naiyz']
Camila,"['Csmila', 'Damila']"
Ember,"['Dmber', 'Ejber', 'Embee', 'Embrr']"
Emerson,"['Emersob', 'Emeeson', 'Rmerson']"
Gia,"['Gis', 'Gis', 'Bia']"
Hinaea,['Yinaea']
Kalina,"['Kaoina', 'Kalkna']"
Kinsley,"['Konsley', 'Kinslry']"
Mercy,"['Merch', 'Metcy', 'Nercy']"
Nova,['Niva']
John,"['Jlhn', 'Joyn']"
Joseph,['Jpseph']
William,['Willoam']
Henry,"['Hemry', 'Hwnry', 'Henrh', 'Yenry']"
James,['Jamrs']
Arthur,"['Arghur', 'Arthir']"
Ernest,['Ernesf']
Frank,"['Frahk', 'Vrank', 'Franl', 'Framk']"
Albert,['Alberf']
Harry,"['Harty', 'Harty']"
Richard,"['Richwrd', 'Richatd', 'Richsrd', 'Richarc']"
Edward,"['Edwqrd', 'Erward']"
Manuel,"['Majuel', 'Manueo', 'Mwnuel']"
Peter,['Petee']
Samuel,"['Samiel', 'Samyel', 'Samuek']"
Daniel,['Danirl']
David,['Dzvid']
Paul,"['Paup', 'Psul', 'Pail']"
Thomas,"['Fhomas', 'Tnomas', 'Thonas']"
Alfred,"['Alcred', 'Alfted', 'Alvred']"
Francis,['Franciz']
Harold,"['Harpld', 'Harolc']"
Lawrence,"['Laweence', 'Lasrence']"
Jack,"['Jafk', 'Jsck']"
Walter,"['Waltee', 'Waltet', 'Ealter', 'Waltet']"
Masao,['Masap']
Louis,"['Lpuis', 'Lluis', 'Louiw']"
Joe,"['Jle', 'Uoe', 'Jod', 'Jie']"
Masato,['Mawato']
Shigeru,"['Shigetu', 'Shigrru', 'Zhigeru', 'Snigeru']"
Raymond,['Raymonc']
Takeo,['Takwo']
Alexander,"['Aoexander', 'Alexanrer', 'Alexandee']"
Clarence,"['Dlarence', 'Xlarence']"
Hideo,"['Yideo', 'Hudeo']"
Masaru,"['Jasaru', 'Masafu', 'Masqru', 'Masafu']"
Hiroshi,"['Hirosho', 'Hitoshi']"
Kazuo,"['Iazuo', 'Kazio', 'Kaauo']"
Kiyoshi,"['Kiyoshu', 'Kitoshi', 'Kiuoshi']"
Ralph,"['Ralpn', 'Rzlph', 'Rapph']"
Toshio,['Toshko']
Yoshio,"['Yosgio', 'Yosbio']"
Kenneth,"['Kenmeth', 'Kennwth', 'Kebneth']"
Stanley,['Stanlwy']
Tadashi,"['Tadasbi', 'Tadazhi', 'Tarashi', 'Tadaxhi']"
Tsutomu,['Tsjtomu']
Antone,"['Anrone', 'Antpne', 'Antohe']"
Anthony,['Anthont']
Tony,['Tohy']
Andrew,"['Andfew', 'Ahdrew']"
Gilbert,"['Giobert', 'Gilbrrt']"
Katsumi,"['Kaysumi', 'Katsumk']"
Noboru,"['Noboeu', 'Nobory', 'Nlboru']"
Seichi,['Seuchi']
Shigeo,"['Shigwo', 'Ahigeo', 'Xhigeo']"
Takeshi,"['Takezhi', 'Takesyi', 'Takdshi', 'Takdshi']"
Yutaka,"['Hutaka', 'Yutala', 'Yytaka']"
Torao,['Torso']
Edwin,"['Edwon', 'Efwin', 'Edwon', 'Edsin']"
Donald,['Dlnald']
Masaichi,"['Nasaichi', 'Kasaichi', 'Masaixhi']"
Wah,"['Wag', 'Qah']"
Masami,"['Madami', 'Maswmi', 'Masqmi']"
Roy,"['Toy', 'Toy', 'Rly']"
Wallace,"['Wallacd', 'Wallsce', 'Walkace', 'Waplace']"
Herman,"['Heeman', 'Hernan', 'Hermab', 'Jerman']"
Isami,"['Isamk', 'Iswmi']"
Kam,"['Kan', 'Kak']"
Sadamu,"['Sadsmu', 'Sadzmu']"
Shoichi,"['Zhoichi', 'Shoicji']"
Tadao,"['Tqdao', 'Yadao']"
Theodore,"['Theodorw', 'Theodorw', 'Theodord']"
Yoshito,['Uoshito']
Haruo,"['Hwruo', 'Hario', 'Baruo', 'Harup']"
Norman,['Normsn']
Ted,"['Trd', 'Twd', 'Red', 'Twd']"
Abraham,"['Abeaham', 'Abrahsm', 'Abranam', 'Abrahsm']"
Akira,"['Amira', 'Skira', 'Aiira']"
Antonio,"['Antonil', 'Amtonio', 'Antojio']"
Kenichi,"['Kenkchi', 'Kwnichi']"
Jiro,"['Niro', 'Jkro', 'Jito']"
Satoshi,"['Safoshi', 'Swtoshi', 'Satoshu']"
Tamotsu,"['Gamotsu', 'Tajotsu', 'Tamltsu', 'Tamotzu']"
Wataru,['Qataru']
Allen,"['Allrn', 'Sllen']"
Clifford,"['Clirford', 'Vlifford', 'Coifford', 'Cliffors']"
Eugene,['Eugeme']
Gabriel,"['Vabriel', 'Gabriek', 'Gabeiel', 'Babriel']"
Kazumi,"['Kazimi', 'Kasumi', 'Kazumu']"
Nobuo,"['Nobup', 'Npbuo']"
Shinichi,['Shinixhi']
Susumu,"['Sudumu', 'Susunu', 'Suaumu']"
Tom,"['Toj', 'Gom', 'Tok', 'Tok']"
Isao,"['Ixao', 'Isap', 'Isqo', 'Isap']"
Jacob,"['Kacob', 'Jacib']"
Jerry,['Merry']
Masayuki,['Masayumi']
Michael,"['Midhael', 'Mochael', 'Jichael', 'Mochael']"
Shigeto,"['Shigefo', 'Shigetl', 'Shigeti', 'Shigetp']"
Soichi,['Soicgi']
Solomon,['Solompn']
Takashi,"['Tqkashi', 'Takadhi']"
Yasuo,"['Yasjo', 'Yasjo']"
Tatsuo,"['Tatsyo', 'Gatsuo', 'Tafsuo']"
Sadao,"['Sarao', 'Szdao']"
Mamoru,"['Manoru', 'Manoru', 'Mamori', 'Mzmoru']"
Satoru,"['Satofu', 'Xatoru', 'Swtoru', 'Sagoru']"
Tatsumi,"['Tatsimi', 'Tatsuji', 'Tatwumi', 'Tatsumu']"
Teruo,['Terul']
Tetsuo,"['Trtsuo', 'Tetxuo', 'Tetsul', 'Teysuo']"
Hajime,"['Hajije', 'Hauime']"
Makoto,"['Makotp', 'Kakoto', 'Makoyo']"
Matsuo,"['Matzuo', 'Jatsuo', 'Matsjo']"
Hiromu,"['Jiromu', 'Hiroju', 'Huromu', 'Hiromy']"
Hisashi,['Hiswshi']
Johnny,"['Jojnny', 'Jobnny', 'Johnnu']"
Masashi,"['Kasashi', 'Maszshi', 'Masasho', 'Masashk']"
Moses,"['Moaes', 'Mowes', 'Koses']"
Tsuneo,"['Tsunei', 'Tsineo', 'Tsyneo']"
Vincent,['Vijcent']
Kenji,['Kenhi']
Larry,"['Lwrry', 'Larty', 'Larrh', 'Laery']"
Bernard,"['Bernwrd', 'Bernwrd']"
Hachiro,['Hafhiro']
Koichi,"['Koicbi', 'Koicji', 'Loichi']"
Adam,"['Adak', 'Aram']"
Jitsuo,"['Jitsui', 'Jitzuo']"
Morio,"['Mlrio', 'Mlrio', 'Mofio', 'Morko']"
Nicholas,['Nifholas']
Shoji,['Shoki']
Tsuyoshi,"['Tsuypshi', 'Ysuyoshi', 'Gsuyoshi', 'Tsutoshi']"
Kiyoto,"['Kitoto', 'Iiyoto', 'Miyoto']"
Masatoshi,"['Jasatoshi', 'Masatishi', 'Masatoxhi', 'Masatishi']"
Abel,"['Abek', 'Wbel', 'Abek', 'Agel']"
Hisao,['Hiaao']
Shiro,"['Shuro', 'Shuro', 'Sbiro']"
Tokio,"['Tokil', 'Rokio', 'Tokko', 'Tolio']"
Hitoshi,"['Hitosni', 'Nitoshi', 'Hitosgi', 'Hitosji']"
Mitsugi,['Motsugi']
Seikichi,"['Seokichi', 'Seikifhi', 'Seijichi']"
Sueo,"['Suei', 'Xueo', 'Wueo']"
Yoshiaki,"['Ypshiaki', 'Toshiaki']"
Yoshikatsu,['Yoshikstsu']
Earl,['Esrl']
Katsuji,"['Katsuhi', 'Katzuji', 'Katsuju']"
Takao,"['Fakao', 'Tskao', 'Tamao']"
Kiichi,"['Kiichk', 'Kiicbi']"
Leo,"['Lei', 'Lwo', 'Lei', 'Lei']"
Sunao,"['Sunzo', 'Synao', 'Sunal', 'Xunao']"
Tokuo,"['Tlkuo', 'Tokui']"
Chester,"['Chdster', 'Chestdr', 'Chewter']"
Christopher,"['Christooher', 'Christopjer']"
Clement,"['Xlement', 'Clemenf']"
Domingo,['Comingo']
Fumio,"['Fymio', 'Dumio']"
Kotaro,"['Iotaro', 'Iotaro', 'Kotaeo']"
Matsuichi,"['Matsjichi', 'Magsuichi', 'Matsuidhi', 'Matsuochi']"
Patrick,['Pwtrick']
Pedro,['Perro']
Stephen,['Stepheb']
Taro,"['Tzro', 'Taeo']"
Toshiyuki,['Toshiyyki']
Goro,"['Goeo', 'Gorp', 'Giro', 'Horo']"
Masuo,"['Masup', 'Maxuo', 'Mssuo', 'Masyo']"
Nobuichi,"['Nobuidhi', 'Nohuichi', 'Nobukchi', 'Npbuichi']"
Young,['Younb']
Masanori,"['Masqnori', 'Masaniri', 'Maswnori']"
Yoshiyuki,"['Yoshihuki', 'Yoshiyjki']"
Kazuto,"['Kazuro', 'Kazito', 'Kazuro', 'Kazutp']"
Tadayoshi,['Tadwyoshi']
Tokuichi,"['Tokyichi', 'Tokjichi', 'Toiuichi']"
Jose,"['Jode', 'Josr']"
Edmund,"['Rdmund', 'Edjund']"
Elmer,"['Eljer', 'Epmer', 'Elner', 'Elmwr']"
Lester,"['Lrster', 'Lestee', 'Oester']"
Masanobu,"['Masanibu', 'Kasanobu']"
Nobuyuki,['Nibuyuki']
Norio,['Noril']
Oliver,['Okiver']
Roland,"['Rolahd', 'Rolwnd', 'Rolabd']"
Ronald,"['Rohald', 'Rohald', 'Rlnald', 'Ronakd']"
Seiko,"['Seoko', 'Swiko', 'Seiio']"
Shigeki,"['Shigrki', 'Shiheki']"
Shuichi,"['Shuochi', 'Snuichi']"
Yoshiharu,"['Ylshiharu', 'Yoshoharu']"
Warren,['Warrrn']
Itsuo,"['Itxuo', 'Itsul', 'Itsul', 'Itxuo']"
Fukuichi,"['Fykuichi', 'Fujuichi', 'Fukuivhi', 'Fukuichk']"
Felix,"['Felox', 'Felid', 'Celix']"
Hidemi,['Hideji']
Lloyd,"['Lloye', 'Kloyd', 'Lkoyd']"
Reginald,"['Reginakd', 'Regunald']"
Seiji,"['Sekji', 'Seijo']"
Yoshitaka,"['Yoshutaka', 'Yozhitaka', 'Yoshiraka', 'Uoshitaka']"
Harris,"['Harfis', 'Jarris', 'Hartis', 'Hareis']"
Keiji,"['Keiui', 'Keijo']"
Koon,"['Kion', 'Ioon', 'Kooj']"
Yoshinobu,"['Yoshimobu', 'Yodhinobu', 'Yozhinobu']"
Alfredo,"['Alfrwdo', 'Alfreso', 'Alfredp', 'Alrredo']"
Atsushi,"['Atsudhi', 'Atzushi']"
Emilio,"['Wmilio', 'Emolio', 'Ekilio', 'Rmilio']"
Julio,"['Jukio', 'Julil', 'Julko', 'Jukio']"
Miguel,"['Jiguel', 'Migjel', 'Migueo', 'Mituel']"
Mikio,"['Milio', 'Mokio', 'Mikuo']"
Tomio,"['Tlmio', 'Tlmio', 'Tomii', 'Tomoo']"
Asao,"['Aaao', 'Adao']"
Gordon,"['Gordin', 'Glrdon', 'Gprdon']"
Jesus,['Jrsus']
Kanji,"['Janji', 'Kanjk', 'Janji', 'Kabji']"
Pablo,"['Pablp', 'Lablo', 'Pabll', 'Pabpo']"
Tetsuro,"['Retsuro', 'Trtsuro', 'Fetsuro']"
August,"['Auhust', 'Augusy', 'Autust', 'Augusg']"
Juan,"['Uuan', 'Jian']"
Florencio,"['Flotencio', 'Rlorencio', 'Florendio', 'Florenxio']"
Milton,"['Milron', 'Miltin', 'Mklton']"
Vernon,['Vdrnon']
Santiago,['Santkago']
Florentino,"['Dlorentino', 'Flordntino', 'Florehtino', 'Flofentino']"
Gregorio,"['Bregorio', 'Fregorio']"
Junichi,['Juhichi']
Lincoln,"['Lincokn', 'Loncoln', 'Kincoln']"
Samson,['Szmson']
Seiichi,"['Seikchi', 'Seoichi', 'Seiichk', 'Sriichi']"
Wilbert,"['Wikbert', 'Wilbdrt', 'Qilbert', 'Wikbert']"
Julian,"['Julkan', 'Julkan', 'Jilian']"
Rudolph,"['Rudolpg', 'Tudolph']"
Mutsuo,['Mytsuo']
Clyde,"['Clyse', 'Vlyde', 'Dlyde']"
Andres,"['Ancres', 'Zndres']"
Eiji,['Eimi']
Morris,"['Morriw', 'Morros']"
Yasunobu,['Tasunobu']
Allan,"['Allwn', 'Aolan']"
Osamu,"['Osanu', 'Osanu', 'Isamu', 'Ossmu']"
Alberto,"['Apberto', 'Albertp', 'Albergo', 'Alberyo']"
Shoso,['Sgoso']
Everett,"['Ecerett', 'Evdrett', 'Everetf', 'Eveeett']"
Harvey,"['Haevey', 'Haevey', 'Narvey']"
Hoover,"['Hoovet', 'Hpover', 'Yoover', 'Hoober']"
Nelson,"['Nelsin', 'Ndlson']"
Bonifacio,['Bonkfacio']
Wayne,['Waune']
Ellsworth,"['Ellxworth', 'Ellswirth']"
Arnold,"['Zrnold', 'Arnopd', 'Arnlld']"
Dominador,"['Doninador', 'Domunador', 'Dlminador', 'Domunador']"
Leroy,['Lerot']
Shogo,"['Shofo', 'Shigo', 'Shogi']"
Gerald,"['Gefald', 'Getald', 'Gersld']"
Rodney,"['Rodneh', 'Rodneu', 'Rodnry', 'Todney']"
Alan,['Alam']
Edgar,"['Edgae', 'Esgar']"
Eric,"['Eeic', 'Dric', 'Eriv', 'Rric']"
Phillip,"['Pyillip', 'Phiolip', 'Phillup', 'Pjillip']"
Alejandro,['Alenandro']
Gary,"['Gzry', 'Gart', 'Gaty', 'Garh']"
Nobuyoshi,['Nobuyoshk']
Michio,"['Michoo', 'Mivhio', 'Nichio', 'Michip']"
Raphael,['Taphael']
Dennis,"['Dehnis', 'Dennos', 'Dennia']"
Roger,"['Riger', 'Rogdr']"
Steven,"['Sfeven', 'Steqen', 'Sreven', 'Steqen']"
Wendell,"['Qendell', 'Wendwll', 'Wendelo', 'Wendelk']"
Glenn,['Glenh']
Barry,"['Garry', 'Bsrry', 'Bsrry']"
Frederico,"['Freddrico', 'Freferico', 'Frederifo']"
Winfred,['Winrred']
Lowell,"['Loqell', 'Lpwell']"
Jon,"['Joh', 'Jin', 'Job', 'Uon']"
Clayton,"['Clsyton', 'Cpayton', 'Claytoj']"
Jerome,['Jeromw']
Matthew,"['Mattnew', 'Mqtthew', 'Jatthew', 'Mattheq']"
Randolph,"['Rwndolph', 'Ranrolph', 'Rzndolph']"
Russell,"['Russekl', 'Ruswell']"
Frederic,"['Frdderic', 'Fredeeic']"
Gene,"['Genw', 'Genr']"
Glen,['Gken']
Ernesto,['Erjesto']
Hiram,"['Hifam', 'Hiraj', 'Hifam']"
Malcolm,"['Malfolm', 'Mqlcolm', 'Malcolk', 'Malcolk']"
Aloysius,"['Aloysuus', 'Sloysius', 'Aloysiua']"
Sanford,"['Sahford', 'Sanfotd', 'Sanfotd', 'Sanvord']"
Winston,"['Winstom', 'Winstin', 'Winsgon']"
Norbert,['Norvert']
Rudy,"['Rudt', 'Tudy', 'Rudh']"
Jeffrey,"['Jeffeey', 'Jeffreu', 'Jrffrey', 'Jefffey']"
Myron,['Myrln']
Timothy,"['Fimothy', 'Tumothy']"
Byron,"['Byfon', 'Buron']"
Keith,"['Meith', 'Keifh', 'Meith', 'Keiyh']"
Kent,"['Kebt', 'Kejt']"
Wesley,"['Wespey', 'Wespey', 'Weslet']"
Brian,"['Grian', 'Brkan']"
Carlos,['Caelos']
Irving,['Irfing']
Mike,"['Mile', 'Mile', 'Nike', 'Mkke']"
Miles,"['Milws', 'Niles', 'Mioes']"
Dexter,"['Fexter', 'Dextrr', 'Dextet']"
Homer,"['Nomer', 'Homwr', 'Homwr', 'Hlmer']"
Randall,['Ransall']
Guy,"['Tuy', 'Huy', 'Gyy', 'Vuy']"
Bill,"['Nill', 'Bull', 'Bilk']"
Claude,"['Clwude', 'Clqude', 'Clajde']"
Dwight,"['Dwigbt', 'Swight']"
Neal,"['Neak', 'Heal', 'Neak']"
Curtis,"['Curtks', 'Curgis', 'Curtia', 'Cuttis']"
Gregory,"['Geegory', 'Grevory', 'Grehory']"
Mark,"['Msrk', 'Kark']"
Neil,"['Nwil', 'Meil']"
Nathan,['Nsthan']
Colin,"['Cokin', 'Copin']"
Craig,['Craug']
Owen,"['Owrn', 'Lwen', 'Owem']"
Danny,['Dznny']
Darrell,"['Dafrell', 'Dqrrell']"
Sheldon,"['Shelron', 'Sheldln']"
Jeffery,"['Neffery', 'Jrffery', 'Jedfery', 'Jefferu']"
Joel,"['Hoel', 'Joeo', 'Moel', 'Uoel']"
Lance,"['Lanve', 'Lanfe', 'Lwnce', 'Lznce']"
Mitchell,"['Miychell', 'Mitchrll', 'Mitchelo']"
Jimmy,"['Jimmt', 'Jimmu']"
Lyle,"['Ltle', 'Lype', 'Lule', 'Lhle']"
Randy,"['Ransy', 'Randu', 'Rancy']"
Ricky,['Rixky']
Rogelio,"['Rogekio', 'Rogeoio']"
Ronnie,['Ronhie']
Scott,"['Scort', 'Scoty', 'Scitt', 'Scoyt']"
Sterling,"['Sterlimg', 'Dterling']"
Steve,"['Stevw', 'Stwve', 'Stdve', 'Stevd']"
Carlton,"['Carltob', 'Xarlton', 'Caflton']"
Conrad,"['Contad', 'Cohrad']"
Leighton,"['Leignton', 'Oeighton']"
Mervin,['Mervkn']
Van,"['Qan', 'Vab', 'Vab', 'Ban']"
Andy,['Sndy']
Erwin,"['Erwkn', 'Erwkn', 'Ersin']"
Stanford,['Standord']
Aaron,"['Aarln', 'Aqron', 'Waron', 'Aafon']"
Bob,['Blb']
Darrel,"['Darrek', 'Dqrrel', 'Darrek', 'Dzrrel']"
Leon,['Lepn']
Reid,"['Rdid', 'Eeid', 'Reic']"
Gerard,"['Ferard', 'Gerare', 'Verard', 'Geraed']"
Myles,"['Mylea', 'Mylez']"
Stuart,"['Atuart', 'Stjart']"
Alton,"['Wlton', 'Aoton', 'Aoton']"
Bobby,"['Bpbby', 'Bpbby', 'Bobgy', 'Bonby']"
Bradley,"['Bfadley', 'Bradleu', 'Beadley', 'Brsdley']"
Floyd,"['Vloyd', 'Fliyd', 'Floye', 'Floyf']"
Godfrey,"['Gocfrey', 'Godfreh', 'Godrrey', 'Gidfrey']"
Grant,"['Brant', 'Grany', 'Grwnt', 'Grznt']"
Nolan,"['Nolzn', 'Nolah', 'Nolaj']"
Ross,"['Foss', 'Rpss', 'Foss']"
Duane,"['Duahe', 'Duahe', 'Duame', 'Duaje']"
Leland,['Lrland']
Lewis,"['Lewiz', 'Lewix', 'Ldwis', 'Lewid']"
Terrance,"['Terrabce', 'Terrqnce']"
Elliot,['Elliof']
Jim,['Jin']
Russel,"['Fussel', 'Rudsel', 'Ruxsel']"
Spencer,"['Spemcer', 'Spdncer']"
Derek,"['Serek', 'Ferek', 'Ferek', 'Derei']"
Gregg,['Tregg']
Reed,"['Rees', 'Feed']"
Bryan,"['Brhan', 'Brtan']"
Marc,"['Mafc', 'Karc']"
Garrett,['Farrett']
Kimo,"['Kijo', 'Kimp']"
Creighton,"['Cfeighton', 'Creightoj', 'Creivhton']"
Cyrus,['Vyrus']
Derrick,"['Eerrick', 'Eerrick']"
Ian,['Kan']
Kelvin,"['Kepvin', 'Jelvin', 'Kelvih', 'Krlvin']"
Jeremiah,"['Jeremizh', 'Jwremiah']"
Wade,"['Wadw', 'Wadr', 'Wadw', 'Wadr']"
Irwin,['Irwkn']
Randal,['Randap']
Tommy,"['Tommh', 'Timmy']"
Zachary,"['Xachary', 'Zzchary', 'Zachart']"
Blake,['Blakr']
Rex,['Rec']
Vern,"['Verb', 'Vdrn', 'Verj']"
Bradford,"['Bradfofd', 'Btadford', 'Brwdford']"
Geoffrey,"['Geoffret', 'Gelffrey', 'Geoffrwy', 'Heoffrey']"
Lane,"['Lwne', 'Pane']"
Laurence,"['Oaurence', 'Lsurence']"
Delbert,"['Delberg', 'Delvert', 'Relbert', 'Delbeet']"
Kurt,['Kjrt']
Todd,"['Tidd', 'Tpdd', 'Toed']"
Billy,"['Hilly', 'Bikly', 'Bikly']"
Burt,"['Hurt', 'Bury']"
Greg,"['Greb', 'Grrg']"
Stewart,"['Stewaft', 'Srewart', 'Stewaet', 'Stesart']"
Blaine,"['Blaone', 'Blaije', 'Vlaine']"
Damien,['Dwmien']
Kirk,['Kiek']
Lorrin,"['Porrin', 'Lorrim', 'Lorrij']"
Oscar,"['Owcar', 'Oscaf', 'Odcar']"
Raynard,"['Eaynard', 'Raynsrd', 'Rayjard', 'Rsynard']"
Dave,"['Save', 'Rave', 'Dsve']"
Roderick,['Toderick']
Vance,"['Vwnce', 'Vanfe', 'Vahce']"
Bryant,['Bryanf']
Garrick,"['Barrick', 'Gafrick', 'Gaerick']"
Rick,"['Ricm', 'Ricl', 'Rock', 'Rifk']"
Alden,['Qlden']
Archie,"['Arcjie', 'Arvhie', 'Arvhie', 'Archue']"
Boyd,['Boye']
Brent,"['Breny', 'Hrent', 'Bfent']"
Elwood,"['Wlwood', 'Eowood', 'Eowood', 'Elwoid']"
Luis,"['Luks', 'Luia', 'Kuis', 'Luks']"
Royden,"['Rlyden', 'Rpyden', 'Roydeh']"
Harrison,"['Narrison', 'Harridon', 'Harrkson']"
Loren,['Poren']
Eldon,"['Ekdon', 'Eldoj', 'Eldom']"
Mariano,"['Jariano', 'Marianl']"
Shane,"['Shanr', 'Snane', 'Snane']"
Garret,"['Gafret', 'Garfet']"
Garry,"['Gwrry', 'Garty', 'Gzrry', 'Tarry']"
Marcus,"['Jarcus', 'Mafcus', 'Narcus']"
Newton,"['Neeton', 'Neston', 'Neqton', 'Newgon']"
Dwayne,"['Dwaune', 'Cwayne']"
Mario,"['Nario', 'Maeio', 'Maroo', 'Maeio']"
Rickey,"['Riciey', 'Ricjey', 'Ruckey', 'Rixkey']"
Dane,"['Dsne', 'Dabe', 'Dand']"
Fernando,"['Fernanso', 'Fwrnando', 'Fernandp']"
Rocky,"['Rlcky', 'Focky', 'Rovky']"
Ruben,"['Euben', 'Rubrn', 'Rubwn']"
Dominic,"['Domibic', 'Domibic', 'Dlminic']"
Duke,"['Dukd', 'Dike']"
Gerry,"['Grrry', 'Gerrh']"
Lorenzo,"['Porenzo', 'Lorebzo']"
Barton,"['Barron', 'Varton', 'Bargon']"
Hal,['Yal']
Hans,"['Hanz', 'Hsns', 'Hams']"
Roberto,"['Robefto', 'Robwrto']"
Scot,"['Sclt', 'Scit']"
Sherman,"['Shermaj', 'Snerman', 'Syerman', 'Shermam']"
Perry,['Perfy']
Preston,"['Prestin', 'Peeston', 'Presron', 'Prewton']"
Tim,['Rim']
Anson,"['Anwon', 'Ansoj', 'Ansoh', 'Ahson']"
Cedric,"['Cecric', 'Cedfic', 'Cedtic', 'Crdric']"
Al,"['Sl', 'Ak']"
Darwin,"['Daewin', 'Dafwin']"
Dewey,"['Deeey', 'Desey', 'Cewey']"
Hector,"['Hectpr', 'Hecgor', 'Bector', 'Hectpr']"
Ira,['Iea']
Jayson,"['Jwyson', 'Jayzon', 'Jayxon']"
Ron,"['Eon', 'Fon']"
Darren,"['Daeren', 'Datren']"
Ford,['Forf']
Wayde,['Waude']
Clay,['Clau']
Joshua,"['Josyua', 'Jlshua', 'Joshia']"
Corey,"['Corry', 'Coret', 'Coeey']"
Kenny,['Kenby']
Radford,"['Rasford', 'Radforr']"
Troy,"['Trou', 'Teoy']"
Ty,"['Ry', 'Yy', 'Tu']"
Jared,"['Jarwd', 'Jaref', 'Jaeed', 'Jwred']"
Kerwin,['Kerwim']
Willie,['Wilkie']
Bryce,"['Bryxe', 'Bryve']"
Drew,"['Drdw', 'Dtew']"
Rickie,"['Tickie', 'Rockie', 'Tickie']"
Doug,"['Dojg', 'Douf', 'Dpug', 'Eoug']"
Brett,"['Brwtt', 'Brert', 'Breyt']"
Sean,"['Sran', 'Seaj', 'Swan']"
Darin,"['Darih', 'Datin']"
Collin,['Colkin']
Curt,"['Cjrt', 'Xurt']"
Layne,['Lsyne']
Vaughn,['Qaughn']
Cecil,"['Cecul', 'Cevil', 'Cdcil']"
Evan,"['Evzn', 'Dvan', 'Eqan']"
Fredrick,"['Fredricj', 'Gredrick', 'Vredrick']"
Gavin,"['Gafin', 'Gaqin', 'Gaqin', 'Tavin']"
Tad,['Tae']
Trent,"['Treny', 'Teent']"
Orlando,"['Orlandp', 'Orlandl', 'Orlamdo']"
Vince,"['Vincw', 'Vinve']"
Mason,['Masom']
Nathaniel,"['Natnaniel', 'Natyaniel', 'Nqthaniel', 'Nafhaniel']"
Damon,"['Dakon', 'Dqmon']"
Teddy,"['Teddt', 'Teddh']"
Lyndon,"['Lyndin', 'Lundon']"
Dino,"['Dono', 'Sino', 'Dono']"
Bart,['Barr']
Daren,"['Faren', 'Raren', 'Dafen']"
Darrin,['Sarrin']
Rockne,"['Rickne', 'Fockne', 'Fockne', 'Rickne']"
Travis,"['Trwvis', 'Travia', 'Yravis']"
Erik,"['Rrik', 'Etik', 'Drik']"
Jeremy,"['Jefemy', 'Jeremu']"
Ferdinand,['Fwrdinand']
Jarrett,"['Jarrdtt', 'Jareett', 'Jarrdtt', 'Jarretf']"
Devin,"['Devun', 'Devkn']"
Donovan,"['Donovzn', 'Dpnovan']"
Derick,"['Deeick', 'Ddrick']"
Drake,"['Drale', 'Drwke', 'Drske']"
Kip,"['Kop', 'Kkp', 'Kkp', 'Mip']"
Noah,"['Noay', 'Nosh']"
Chadwick,"['Cgadwick', 'Chqdwick', 'Chadwicj']"
Denny,"['Eenny', 'Drnny', 'Dennh']"
Keoni,"['Keobi', 'Kroni', 'Ieoni']"
Luke,"['Luje', 'Puke']"
Davin,"['Davun', 'Daqin', 'Dzvin']"
Keone,"['Keome', 'Kwone']"
Len,"['Ldn', 'Ken']"
Andre,['Qndre']
Dustin,"['Dustkn', 'Dustkn']"
Johnathan,"['Jobnathan', 'Jphnathan', 'Johnathab']"
Trevor,"['Grevor', 'Trevlr', 'Trevpr']"
Branden,"['Btanden', 'Beanden']"
Roman,"['Toman', 'Ronan', 'Riman']"
Ernie,['Eenie']
Alika,"['Alila', 'Alikw', 'Alikz', 'Aloka']"
Shayne,['Shaybe']
Tyson,"['Gyson', 'Tyzon', 'Thson', 'Tysom']"
Ethan,"['Ethzn', 'Wthan']"
Kanoa,"['Kajoa', 'Kania']"
Seth,"['Zeth', 'Setb']"
Dion,"['Duon', 'Diin']"
Jonathon,"['Johathon', 'Nonathon', 'Jonathpn']"
Cade,['Cwde']
Reyn,"['Rehn', 'Reyb']"
Tyrone,"['Tyrohe', 'Tyrond', 'Tyronr']"
Kawika,"['Kzwika', 'Kawkka']"
Sherwin,"['Sherqin', 'Wherwin', 'Shrrwin']"
Kelii,"['Jelii', 'Kelio', 'Kepii', 'Kelki']"
Kai,"['Jai', 'Mai', 'Kao']"
Keoki,"['Keoli', 'Kwoki', 'Kdoki', 'Kepki']"
Paulo,"['Laulo', 'Pauko']"
Shaun,['Dhaun']
Shon,"['Sjon', 'Sjon']"
Jonah,"['Jonzh', 'Jonab']"
Bryson,['Bfyson']
Kaipo,['Kwipo']
Cody,"['Cpdy', 'Cpdy', 'Fody', 'Cocy']"
Armando,"['Atmando', 'Armandi']"
Kaleo,"['Kalwo', 'Ialeo', 'Ksleo']"
Kealii,"['Keakii', 'Kezlii']"
Levi,"['Levo', 'Leqi', 'Ldvi', 'Leci']"
Kamuela,"['Kamudla', 'Kamuels', 'Kamueka']"
Kristopher,"['Kristophef', 'Kristipher', 'Lristopher', 'Kristophrr']"
Dirk,['Ditk']
Donny,"['Dinny', 'Dohny', 'Donjy', 'Donjy']"
Palani,"['Palsni', 'Palqni', 'Palsni']"
Regan,"['Regzn', 'Regah']"
Reno,"['Eeno', 'Teno', 'Rebo', 'Renl']"
Desmond,"['Desmonc', 'Dwsmond', 'Dwsmond']"
Jefferson,"['Jecferson', 'Jegferson']"
Lucas,"['Pucas', 'Lucad']"
Simon,"['Simpn', 'Skmon', 'Somon']"
Landon,"['Lqndon', 'Landln', 'Lahdon']"
Rodel,"['Eodel', 'Rpdel', 'Rodrl']"
Josiah,"['Uosiah', 'Kosiah', 'Joziah']"
Elijah,"['Wlijah', 'Elijay', 'Elijay', 'Elujah']"
Heath,['Hrath']
Jensen,"['Jensdn', 'Jdnsen', 'Jenden']"
Virgil,"['Cirgil', 'Firgil', 'Virvil', 'Birgil']"
Freddie,"['Frdddie', 'Frrddie', 'Freddue', 'Frrddie']"
Isaiah,['Iswiah']
Kale,['Jale']
Max,"['Mqx', 'Kax', 'Nax', 'Mwx']"
Sione,"['Sioje', 'Sipne']"
Brennan,['Brenman']
Nicolas,['Nucolas']
Cullen,"['Culoen', 'Cullem']"
Ezra,['Rzra']
Julius,"['Julous', 'Jylius']"
Kaeo,"['Kaei', 'Kqeo', 'Kawo']"
Lopaka,"['Lopala', 'Lopaia']"
Beau,"['Heau', 'Heau', 'Beai', 'Beaj']"
Blayne,['Blatne']
Chase,"['Dhase', 'Chwse']"
Brice,"['Brkce', 'Nrice', 'Hrice', 'Bruce']"
Brandan,"['Brandwn', 'Bfandan']"
Cheyne,"['Chdyne', 'Cheynr', 'Cjeyne', 'Chehne']"
Dayton,"['Dsyton', 'Dahton', 'Daytob', 'Daytpn']"
Emmanuel,"['Emmanjel', 'Emmanuep', 'Dmmanuel', 'Ekmanuel']"
Erick,"['Wrick', 'Ericl']"
Jonas,"['Jpnas', 'Johas', 'Honas']"
Quinton,"['Quinfon', 'Quingon', 'Quknton', 'Quinron']"
Noa,"['Now', 'Nos', 'Noq', 'Npa']"
Chauncey,"['Cnauncey', 'Chaunceh', 'Chaundey', 'Chaunfey']"
Kapono,"['Kaponp', 'Kaponi']"
Rusty,['Ruwty']
Tanner,['Tamner']
Jarvis,['Jarvks']
Jaysen,"['Jaysem', 'Jatsen']"
Leonardo,"['Leobardo', 'Leonafdo', 'Leonardl', 'Oeonardo']"
Kellen,"['Kelldn', 'Kellwn', 'Kdllen']"
Brooks,"['Broojs', 'Btooks', 'Brooms']"
Chaz,"['Cyaz', 'Cgaz', 'Chqz']"
Cole,"['Cold', 'Cooe', 'Cple']"
Forrest,"['Fotrest', 'Forresy', 'Forrdst', 'Vorrest']"
Tristan,"['Teistan', 'Trisfan', 'Fristan']"
Jordon,"['Jlrdon', 'Jordpn']"
Kapena,"['Kapenq', 'Kzpena']"
Jasen,['Jasrn']
Markanthony,"['Markantjony', 'Msrkanthony', 'Markantgony']"
Zachariah,"['Aachariah', 'Zacjariah', 'Zachariwh', 'Zachsriah']"
Chance,"['Chancw', 'Chancd']"
Duran,['Duean']
Marques,"['Mafques', 'Marqjes']"
Brendon,"['Brejdon', 'Bfendon', 'Bfendon', 'Hrendon']"
Brenton,"['Brwnton', 'Brentln', 'Nrenton']"
Ezekiel,['Ezekoel']
Titus,['Totus']
Cale,"['Cake', 'Xale', 'Czle']"
Kristian,"['Krkstian', 'Krostian']"
Nainoa,"['Naknoa', 'Nzinoa', 'Jainoa', 'Nainia']"
Stanton,"['Sfanton', 'Stqnton', 'Stabton', 'Stznton']"
Jarred,"['Jafred', 'Jarrrd', 'Jaered']"
Brysen,"['Nrysen', 'Brysem']"
Darius,"['Dariuz', 'Farius', 'Darous', 'Dariuw']"
Elias,"['Eliaw', 'Wlias']"
Ellison,"['Ellisoj', 'Elloson', 'Dllison', 'Ellisoh']"
Ioane,['Iowne']
Kody,['Kodt']
Ronson,['Rpnson']
Dante,['Danre']
Kingston,"['Kingsron', 'Kingzton', 'Kinhston']"
Kristofer,"['Krisrofer', 'Kristocer']"
Blaise,['Blaiwe']
Israel,"['Iwrael', 'Israep', 'Israwl', 'Isrsel']"
Jaron,"['Jarom', 'Jaroj']"
Keane,"['Keabe', 'Keaje', 'Ieane', 'Keahe']"
Kekai,"['Jekai', 'Keksi', 'Mekai']"
Quentin,['Quejtin']
Viliami,"['Viliamk', 'Viliamk']"
Jaren,['Karen']
Jorge,"['Joege', 'Joege', 'Joege']"
Dillon,"['Dillom', 'Dilkon', 'Dilloh']"
Parker,"['Parket', 'Parkdr', 'Oarker', 'Parkwr']"
Ridge,['Ridgw']
Zane,"['Zabe', 'Sane']"
Xavier,"['Xzvier', 'Xavirr', 'Xaviwr', 'Xaviwr']"
Zackery,"['Zadkery', 'Zacjery', 'Aackery', 'Zackdry']"
Reece,"['Reecd', 'Reexe', 'Reeve']"
Duncan,"['Runcan', 'Euncan', 'Duncqn', 'Duhcan']"
Jarret,"['Jwrret', 'Jwrret']"
Kaniela,"['Kanirla', 'Kqniela', 'Kanieka']"
Richie,['Eichie']
Trenton,"['Trentoh', 'Trentpn', 'Trentpn']"
Zachery,"['Zacheey', 'Zachwry', 'Zacheru']"
Jameson,"['Jamexon', 'Jamewon', 'Jameaon', 'Hameson']"
Maxwell,['Maxweol']
Colton,['Coltoj']
Connor,"['Cpnnor', 'Connir', 'Conmor', 'Clnnor']"
Jackson,['Javkson']
Ryne,['Rune']
Sebastian,"['Webastian', 'Sebastkan']"
Dalton,"['Daltoh', 'Dwlton', 'Daltln']"
Maverick,"['Maqerick', 'Mwverick', 'Mqverick']"
Rylan,"['Eylan', 'Rylaj', 'Rulan', 'Rylab']"
Triton,['Triyon']
Brenden,"['Grenden', 'Brendeb', 'Brehden']"
Kupono,"['Jupono', 'Kulono', 'Kuponl']"
Niko,"['Niki', 'Nimo', 'Nuko', 'Nkko']"
Zackary,"['Zackzry', 'Zaxkary', 'Zzckary', 'Zackart']"
Trey,"['Tret', 'Trwy', 'Frey']"
Brycen,"['Grycen', 'Grycen', 'Bryceb', 'Bryxen']"
Tevin,"['Tdvin', 'Tevon']"
Brock,"['Broxk', 'Broci', 'Brocj', 'Beock']"
Devante,['Deqante']
Keegan,"['Kergan', 'Keegab']"
Braxton,"['Braxtoj', 'Brwxton', 'Braxtob']"
Orion,"['Lrion', 'Oruon', 'Oriom', 'Oriln']"
Tre,"['Trd', 'Trd']"
Ashton,['Ashtpn']
Jamal,['Namal']
Kaleb,['Kaoeb']
Tylor,['Tylot']
Wyatt,"['Wystt', 'Syatt', 'Wyaft', 'Syatt']"
Blaze,['Bkaze']
Carson,"['Cqrson', 'Carsoh', 'Carxon']"
Chavez,"['Fhavez', 'Cbavez', 'Cyavez', 'Chavdz']"
Dalen,"['Daoen', 'Daleb', 'Ealen']"
Dominick,['Dlminick']
Pookela,"['Pookwla', 'Pookwla']"
Jalen,['Japen']
Quintin,"['Quintkn', 'Wuintin']"
Darien,"['Daruen', 'Darieb']"
Jarin,"['Jarih', 'Jsrin']"
Jarren,['Jarrrn']
Kyler,"['Kyper', 'Kyldr', 'Kyldr']"
Brannon,"['Branhon', 'Hrannon']"
Jarrin,"['Jarrim', 'Jarrun', 'Jartin']"
Liam,"['Liaj', 'Liak', 'Lizm']"
Maximilian,"['Maximulian', 'Mqximilian', 'Maxinilian', 'Maximipian']"
Ryson,['Eyson']
Zechariah,"['Zecbariah', 'Zecharkah']"
Malik,"['Maoik', 'Maoik', 'Malok', 'Maoik']"
Deion,"['Deipn', 'Feion']"
Nikolas,"['Nikolzs', 'Nikolqs']"
Braden,"['Beaden', 'Brwden', 'Bradej']"
Ramsey,"['Ramset', 'Famsey', 'Ramset']"
Reggie,"['Rebgie', 'Retgie']"
Aidan,"['Aidqn', 'Zidan', 'Aican']"
Davis,"['Dabis', 'Dafis']"
Iokepa,"['Iolepa', 'Iokeoa', 'Iokeoa', 'Ilkepa']"
Isiah,"['Idiah', 'Ixiah', 'Iwiah']"
Javin,['Jacin']
Kahiau,"['Kayiau', 'Kahisu', 'Kshiau', 'Kajiau']"
Brayden,['Brahden']
Angelo,"['Angdlo', 'Amgelo']"
Alakai,"['Wlakai', 'Alaiai']"
Ammon,"['Ajmon', 'Amjon', 'Smmon']"
Deven,['Decen']
Korey,"['Koreh', 'Kirey']"
Landen,['Lanren']
Stone,"['Stonw', 'Stonr']"
Ryder,['Rydwr']
Akoni,['Zkoni']
Austyn,"['Austyj', 'Austyb', 'Austyj', 'Ausfyn']"
Brady,"['Hrady', 'Brary']"
Codey,"['Codry', 'Cpdey', 'Codry']"
Garrison,"['Garrisob', 'Garrispn', 'Garfison']"
Tate,"['Gate', 'Tste', 'Tatr', 'Twte']"
Zion,"['Ziob', 'Zkon', 'Ziln']"
Kobe,"['Iobe', 'Kobd']"
Conor,"['Cojor', 'Conof', 'Cohor']"
Dawson,"['Dqwson', 'Fawson', 'Dawsin', 'Dwwson']"
Griffin,"['Griffun', 'Gridfin', 'Griffih', 'Grifrin']"
Jakob,"['Kakob', 'Jamob', 'Jakpb', 'Jamob']"
Jarod,"['Jarld', 'Jzrod', 'Jaeod', 'Marod']"
Jericho,"['Jeficho', 'Jrricho', 'Jerixho']"
Javen,"['Jaqen', 'Javeb']"
Grayson,['Brayson']
Justus,['Justys']
Malachi,"['Mzlachi', 'Mslachi', 'Malachk', 'Malacgi']"
Quincy,"['Qjincy', 'Quimcy']"
Treston,"['Teeston', 'Trexton']"
Shayden,"['Shaydeb', 'Shaydrn', 'Sgayden', 'Xhayden']"
Javier,"['Javief', 'Javker', 'Mavier']"
Kalai,"['Kslai', 'Jalai', 'Ialai', 'Ialai']"
Nakoa,"['Nzkoa', 'Nakoq', 'Nakpa', 'Nakoz']"
Dorian,"['Doruan', 'Doroan', 'Doriam', 'Forian']"
Kaysen,"['Kahsen', 'Kaywen', 'Kaysdn', 'Kwysen']"
Rayden,"['Fayden', 'Rsyden']"
Aiden,"['Aisen', 'Akden', 'Aidwn']"
Aukai,"['Qukai', 'Aukau', 'Aikai', 'Aukak']"
Braeden,"['Brweden', 'Brzeden']"
Caden,"['Cadej', 'Cadem']"
Conner,"['Conmer', 'Conher', 'Conndr', 'Clnner']"
Cristian,"['Cristiam', 'Cristiaj', 'Crisyian', 'Cridtian']"
Finn,['Fonn']
Kylan,"['Kulan', 'Khlan', 'Iylan']"
Makani,"['Maiani', 'Mwkani']"
Siaosi,['Siaisi']
Titan,"['Ritan', 'Ritan', 'Ritan', 'Tigan']"
Maximus,"['Maxomus', 'Maxomus']"
Kaden,"['Laden', 'Kaddn']"
Kaito,"['Kwito', 'Kaigo', 'Kaitp', 'Iaito']"
Fabian,"['Fabuan', 'Fabiwn', 'Vabian']"
Damian,"['Damiqn', 'Damkan', 'Dwmian']"
Jaydon,"['Naydon', 'Jzydon', 'Jaydoh', 'Uaydon']"
Judah,"['Judab', 'Mudah', 'Judzh']"
Kayden,"['Kaydem', 'Kauden', 'Kayfen']"
Kolby,"['Kolbh', 'Kolbu', 'Kolhy', 'Iolby']"
Raiden,"['Rauden', 'Raiddn', 'Raiddn', 'Raifen']"
Declan,['Feclan']
Haaheo,"['Haahep', 'Yaaheo']"
Kamahao,['Kamanao']
Kamakana,"['Kakakana', 'Kamakans', 'Kamzkana', 'Mamakana']"
Mikah,"['Mikzh', 'Mikwh']"
Reef,['Rerf']
Zayden,"['Zaydrn', 'Zaydrn']"
Ayden,"['Qyden', 'Aycen', 'Auden']"
Talon,"['Taoon', 'Talpn']"
Johnson,"['Johbson', 'Jlhnson']"
Taj,"['Tqj', 'Tau', 'Yaj', 'Tsj']"
Jaxson,"['Haxson', 'Jaxsom']"
Jayven,"['Kayven', 'Jayben', 'Jaycen', 'Jatven']"
Malakai,"['Malakqi', 'Malzkai', 'Malakau']"
Blaize,"['Blsize', 'Blauze', 'Boaize', 'Glaize']"
Coby,"['Covy', 'Cogy', 'Voby', 'Ciby']"
Issac,"['Idsac', 'Issax']"
Tysen,"['Thsen', 'Tywen', 'Ttsen', 'Gysen']"
Kyan,"['Kyab', 'Kuan', 'Kyab']"
Asher,['Qsher']
Jase,['Jasr']
Tyrus,"['Tyris', 'Yyrus', 'Tyfus']"
Legend,['Legdnd']
Rocco,"['Rofco', 'Rovco', 'Ricco']"
Aydan,['Aydsn']
Cayden,"['Xayden', 'Dayden']"
Corbin,"['Cprbin', 'Corbkn', 'Cprbin', 'Corbib']"
Jaiden,['Jauden']
Jayce,['Jwyce']
Kian,['Kiaj']
Mateo,"['Msteo', 'Nateo']"
Ryden,"['Rysen', 'Ryddn']"
Zander,"['Zancer', 'Zandwr']"
Maddox,"['Maddlx', 'Madsox', 'Jaddox', 'Naddox']"
Hezekiah,"['Hezekkah', 'Hrzekiah']"
Rylen,"['Rypen', 'Rylem', 'Rypen', 'Eylen']"
Talan,['Falan']
Achilles,"['Achiloes', 'Achillex', 'Achillex', 'Afhilles']"
Bishop,"['Boshop', 'Bishoo', 'Bisyop']"
Chevy,['Chevu']
Hudson,['Yudson']
Jenson,"['Jrnson', 'Jenzon', 'Henson']"
Keaka,['Kezka']
Lukas,"['Lukaw', 'Lulas', 'Lukaz']"
Makai,"['Kakai', 'Makak', 'Kakai', 'Makao']"
Nalu,"['Napu', 'Nslu']"
Rhys,['Ehys']
Rico,"['Roco', 'Rivo']"
Cash,['Cssh']
Brody,"['Bfody', 'Vrody', 'Brodh', 'Btody']"
Izaiah,"['Izwiah', 'Izaiay']"
Jaxon,"['Jaxln', 'Jaxln', 'Jaxoh']"
Koen,"['Klen', 'Koeh']"
Sawyer,['Zawyer']
Zayne,"['Zaybe', 'Zzyne']"
Ace,['Qce']
Bodhi,"['Bochi', 'Bldhi']"
Camden,"['Camfen', 'Camdeb', 'Camfen', 'Cwmden']"
Cj,"['Fj', 'Ck', 'Xj']"
Kamakani,['Kamakami']
Kanai,"['Kanak', 'Janai', 'Kanzi']"
Thor,"['Thir', 'Thoe']"
Zack,"['Zacl', 'Zaxk']"
Colt,"['Coly', 'Folt', 'Coly']"
Tyren,"['Ttren', 'Ryren']"
Asa,"['Wsa', 'Aaa']"
Kaiden,"['Laiden', 'Kakden', 'Kakden', 'Kqiden']"
Kyson,"['Iyson', 'Lyson', 'Kyxon', 'Khson']"
Rowan,"['Rpwan', 'Roean', 'Rowab', 'Towan']"
Treyton,"['Greyton', 'Freyton', 'Greyton', 'Treytom']"
Xzavier,"['Xzavief', 'Xxavier']"
Jai,"['Jsi', 'Jau', 'Jzi', 'Jau']"
Jayvin,['Jahvin']
Joaquin,"['Joaqjin', 'Koaquin']"
Kaeden,"['Kaedeh', 'Kaedrn']"
Matthias,"['Matthkas', 'Matghias']"
Colten,"['Coltrn', 'Cokten', 'Cilten', 'Copten']"
Kymani,['Kymaji']
Deandre,['Deandrw']
Urijah,"['Urijab', 'Urijqh', 'Urijsh']"
Aaden,"['Saden', 'Aadej']"
Braiden,"['Braicen', 'Brziden', 'Beaiden']"
Kaimipono,"['Kaimiplno', 'Kaimipino', 'Kaimipino', 'Kaijipono']"
Prince,"['Prihce', 'Princw', 'Lrince', 'Prinxe']"
Ryker,"['Ryket', 'Tyker', 'Ruker']"
Uriah,['Uriqh']
Caiden,"['Caidwn', 'Cwiden', 'Caoden', 'Daiden']"
Chasen,['Chaseh']
Jairus,"['Jaitus', 'Jaitus']"
Kash,"['Iash', 'Kasb', 'Kasg', 'Jash']"
Keawe,['Keaww']
Tayden,"['Tayddn', 'Tahden']"
Cruz,"['Druz', 'Crjz', 'Cryz']"
Kysen,['Mysen']
Braydon,['Braudon']
Paxton,['Paxtoj']
Boston,"['Bostpn', 'Blston', 'Hoston']"
Cassius,"['Cassiux', 'Cassiis', 'Csssius', 'Cassiux']"
Jayzen,"['Jauzen', 'Jayxen', 'Jayzem']"
Kahekili,['Kwhekili']
Karter,"['Iarter', 'Karrer', 'Larter']"
Koalii,['Koalio']
Luka,"['Kuka', 'Ouka', 'Kuka']"
Madden,"['Maddej', 'Maddem']"
Mj,"['Kj', 'Mm', 'Mk', 'Mu']"
Rush,['Ruxh']
Jedidiah,['Jecidiah']
Kaikea,"['Kaikez', 'Kaukea', 'Kaiiea']"
Jasper,"['Jazper', 'Jasler']"
Masen,['Mazen']
Bentley,['Bentlet']
Bj,"['Nj', 'Hj', 'Bh']"
Emmett,"['Emmetf', 'Emmegt']"
Kaison,"['Ksison', 'Kaiwon', 'Kzison']"
Mathias,"['Mzthias', 'Mafhias', 'Mayhias', 'Matnias']"
Reign,"['Reugn', 'Reitn', 'Rrign', 'Reugn']"
Ryzen,"['Ryzeb', 'Ryzrn']"
Zyan,"['Xyan', 'Ztan', 'Ztan', 'Zuan']"
Easton,"['Eazton', 'Easron', 'Eastln', 'Eastln']"
Makaio,"['Makwio', 'Mwkaio', 'Makaoo']"
Jax,['Jad']
Royal,"['Rlyal', 'Rlyal', 'Roywl']"
Weston,['Wesron']
Zephaniah,"['Xephaniah', 'Zephanuah', 'Zephanizh', 'Zephzniah']"
Archer,"['Arfher', 'Archwr', 'Arxher']"
Cannon,"['Cqnnon', 'Csnnon', 'Cwnnon', 'Fannon']"
Jacoby,"['Jacohy', 'Jacohy', 'Jadoby', 'Jacony']"
Kaimalu,"['Kaimapu', 'Kaijalu', 'Kaimwlu', 'Kaumalu']"
Kaizen,"['Kaisen', 'Iaizen', 'Kaizeb', 'Kauzen']"
Kasen,"['Iasen', 'Jasen', 'Iasen', 'Kasdn']"
King,['Ling']
Knox,['Knpx']
Lawaia,"['Lqwaia', 'Lawais']"
Lennox,"['Lennoc', 'Pennox', 'Lemnox', 'Lenmox']"
Matteo,"['Mstteo', 'Mattei', 'Mattdo']"
Tucker,['Tuckwr']
Zaiden,"['Saiden', 'Zaifen']"
Alijah,"['Alijzh', 'Alijaj', 'Alujah', 'Akijah']"
Kaisen,"['Kaisej', 'Jaisen', 'Kaiswn']"
Kellan,"['Keklan', 'Kdllan', 'Kellaj', 'Keklan']"
Milo,"['Mklo', 'Miko']"
Nico,"['Nicp', 'Nido']"
Amir,['Amie']
Atticus,"['Atricus', 'Attifus', 'Attkcus', 'Atgicus']"
Kanaloa,"['Manaloa', 'Kabaloa', 'Kahaloa', 'Kanalia']"
Mana,['Jana']
Tahitoa,"['Tahitla', 'Tahitpa']"
Torin,"['Tlrin', 'Yorin', 'Torun']"
Xayden,"['Cayden', 'Xaydeh']"
Greyson,['Grryson']
Gunner,['Tunner']
Banyan,"['Hanyan', 'Banyah']"
Channing,"['Cganning', 'Cganning', 'Chanming']"
Leonidas,"['Leonicas', 'Oeonidas', 'Ldonidas']"
Atlas,"['Stlas', 'Wtlas', 'Atlaw', 'Qtlas']"
Cason,"['Casoj', 'Casoh', 'Cadon']"
Gianni,"['Giajni', 'Bianni', 'Gisnni', 'Giahni']"
Odin,"['Pdin', 'Odih', 'Idin']"
Kolton,"['Kolyon', 'Koltoj', 'Kooton', 'Molton']"
Ronin,"['Rinin', 'Ronkn', 'Rpnin', 'Ronim']"
Haloa,"['Hsloa', 'Halpa', 'Hqloa', 'Hzloa']"
Kaikane,"['Maikane', 'Kaikame', 'Kaimane', 'Kaiiane']"
Killian,"['Killiah', 'Kkllian', 'Kiloian']"
Holden,['Hooden']
Kane,"['Kanr', 'Iane']"
Kenzo,"['Kenzp', 'Kenzi']"
Tobias,['Tobiaz']
Alii,['Slii']
Apollo,"['Apillo', 'Apolll', 'Appllo', 'Apoklo']"
Brantley,"['Brwntley', 'Nrantley', 'Brantlry', 'Bfantley']"
Dash,"['Sash', 'Dzsh']"
Graham,['Grahwm']
Nikolai,"['Nikopai', 'Nikilai']"
Pierce,"['Puerce', 'Pierde']"
